Workbook

Sheet 引张线
A1: 部位 | B1: 库水位m | C1: 1号坝段 | D1: 2号坝段 | E1: 3号坝段 | F1: 4号坝段 | G1: 4号坝段 | H1: 5号坝段 | I1: 5号坝段 | J1: 6号坝段 | K1: 7号坝段 | L1: 8号坝段 | M1: 9号坝段 | N1: 10号坝段 | P1: 3号坝段 | Q1: 4号坝段 | R1: 5号坝段 | S1: 6号坝段 | T1: 7号坝段 | U1: 8号坝段 | X1: 4号坝段 | Y1: 5号坝段 | Z1: 6号坝段 | AA1: 7号坝段
A2: 平面位置(m) | D2: 坝左0+150.000 | E2: 坝左0+090.000 | F2: 坝左0+037.500 | G2: 坝左0+022.500 | H2: 坝右0+022.500 | I2: 坝右0+037.000 | J2: 坝右0+090.000 | K2: 坝右0+150.000 | L2: 坝右0+210.000 | M2: 坝右0+270.000 | P2: 坝左0+090.00 | Q2: 坝左0+030.00 | R2: 坝右0+030.00 | S2: 坝右0+090.00 | T2: 坝右0+150.00 | U2: 坝右0+210.00 | X2: 坝左0+030.00 | Y2: 坝右0+030.00 | Z2: 坝右0+090.00 | AA2: 坝右0+150.00
C3: -199.6 | D3: -150 | E3: -90 | F3: -37.5 | G3: -22.5 | H3: 22.5 | I3: 37 | J3: 90 | K3: 150 | L3: 210 | M3: 270 | N3: 323 | O3: -161.8 | P3: -90 | Q3: -30 | R3: 30 | S3: 90 | T3: 150 | U3: 210 | V3: 257 | W3: -109.6 | X3: -30 | Y3: 30 | Z3: 90 | AA3: 150 | AB3: 177.65
A4: 高程(m) | C4: 153 | O4: 120 | W4: 88
A5: 埋设时间 | D5: 43230 | E5: 43230 | F5: 43230 | G5: 43230 | H5: 43230 | I5: 43230 | J5: 43230 | K5: 43230 | L5: 43230 | M5: 43230 | N5: IP2 | O5: IP3 | P5: 43230 | Q5: 43230 | R5: 43230 | S5: 43230 | T5: 43230 | U5: 43230 | V5: IP4 | W5: IP5 | X5: 43230 | Y5: 43230 | Z5: 43230 | AA5: 43230 | AB5: IP6
A6: 仪器编号 | C6: IP1 | D6: EX1-2 | E6: EX1-3 | F6: EX1-4 | G6: EX1-5 | H6: EX1-6 | I6: EX1-7 | J6: EX1-8 | K6: EX1-9 | L6: EX1-10 | M6: EX1-11 | P6: EX2-2 | Q6: EX2-3 | R6: EX2-4 | S6: EX2-5 | T6: EX2-6 | U6: EX2-7 | X6: EX3-2 | Y6: EX3-3 | Z6: EX3-4 | AA6: EX3-4′
A7: 观测时间 | D7: 位移mm | E7: 位移mm | F7: 位移mm | G7: 位移mm | H7: 位移mm | I7: 位移mm | J7: 位移mm | K7: 位移mm | L7: 位移mm | M7: 位移mm | P7: 位移mm | Q7: 位移mm | R7: 位移mm | S7: 位移mm | T7: 位移mm | U7: 位移mm | X7: 位移mm | Y7: 位移mm | Z7: 位移mm | AA7: 位移mm
A8: 43258 | B8: 138.6 | C8: 0 | D8: 0 | E8: 0 | F8: 0 | G8: 0 | H8: 0 | I8: 0 | J8: 0 | K8: 0 | L8: 0 | M8: 0 | N8: 0 | O8: 0 | P8: 0 | Q8: 0 | R8: 0 | S8: 0 | T8: 0 | U8: 0 | V8: 0 | W8: 0 | X8: 0 | Y8: 0 | Z8: 0 | AA8: 0 | AB8: 0
A9: 43262 | B9: 141.9 | C9: 0.27 | D9: 0.48678357 | E9: 2.0991862 | F9: 2.4520587 | G9: 2.3400632 | H9: 1.9816328 | I9: 2.0585175 | J9: 1.424265 | K9: 1.0423394 | L9: 0.97418907 | M9: 0.72049471 | N9: 0.16 | O9: 0.12 | P9: 1.1375227 | Q9: 1.4904338 | R9: 1.2910085 | S9: 1.1171967 | T9: 0.91389886 | U9: 0.73694297 | V9: 0.51 | W9: 0.16 | X9: -2.0723432 | Y9: -1.6516374 | Z9: 0.10992829 | AA9: 0.12541738 | AB9: 0.05
A10: 43263 | B10: 142.22 | C10: 0.29 | D10: 0.68612485 | E10: 2.3553072 | F10: 2.6608294 | G10: 2.5417567 | H10: 2.1843175 | I10: 2.2744909 | J10: 1.6290569 | K10: 1.2420787 | L10: 1.1888538 | M10: 0.87481887 | N10: 0.23 | O10: 0.21 | P10: 1.2638332 | Q10: 1.5848988 | R10: 1.4348774 | S10: 1.2891704 | T10: 1.1174795 | U10: 0.88687636 | V10: 0.57 | W10: 0.21 | X10: -2.0027294 | Y10: -1.5691738 | Z10: 0.18697383 | AA10: 0.23612485 | AB10: 0.16
A11: 43265 | B11: 141.86 | C11: 0.28 | D11: 0.72887159 | E11: 2.1704075 | F11: 2.5925573 | G11: 2.4578084 | H11: 2.1343822 | I11: 2.2362637 | J11: 1.4685308 | K11: 1.0077862 | L11: 0.93001253 | M11: 0.71824072 | N11: 0.19 | O11: 0.12 | P11: 1.3141434 | Q11: 1.7211705 | R11: 1.4299123 | S11: 1.1577661 | T11: 0.90917416 | U11: 0.74455133 | V11: 0.64 | W11: 0.24 | X11: -2.0356403 | Y11: -1.5990479 | Z11: 0.091490108 | AA11: 0.080567819 | AB11: 0.06
A12: 43267 | B12: 141.16 | C12: 0.29 | D12: 0.57437166 | E12: 2.2636181 | F12: 2.8029917 | G12: 2.6903835 | H12: 2.287689 | I12: 2.3262882 | J12: 1.6128197 | K12: 1.1460786 | L12: 0.95824569 | M12: 0.69539979 | N12: 0.15 | O12: 0.14 | P12: 1.2299864 | Q12: 1.6499376 | R12: 1.450103 | S12: 1.2246659 | T12: 1.0523496 | U12: 0.79128377 | V12: 0.6 | W12: 0.27 | X12: -1.9909641 | Y12: -1.4763247 | Z12: 0.18763925 | AA12: 0.24612918 | AB12: 0.24
A13: 43269 | B13: 143.96 | C13: 0.08 | D13: 0.85781498 | E13: 2.8650072 | F13: 3.1123399 | G13: 3.0443557 | H13: 2.717139 | I13: 2.7455711 | J13: 2.1628691 | K13: 1.8531256 | L13: 1.9182626 | M13: 1.5047079 | N13: 0.34 | O13: 0.11 | P13: 1.6376986 | Q13: 2.0315539 | R13: 1.9896519 | S13: 1.9266124 | T13: 1.8396759 | U13: 1.4664665 | V13: 1 | W13: 0.43 | X13: -1.7899629 | Y13: -1.3616195 | Z13: 0.24885981 | AA13: 0.2995477 | AB13: 0.3
A14: 43272 | B14: 145.53 | C14: 0.76 | D14: 1.8863284 | E14: 3.9561818 | F14: 3.9628873 | G14: 3.8605844 | H14: 3.365112 | I14: 3.3271266 | J14: 2.5531518 | K14: 2.1023946 | L14: 2.4070119 | M14: 2.1097654 | N14: 0.58 | O14: 0.22 | P14: 2.1912825 | Q14: 2.5559548 | R14: 2.4989784 | S14: 2.3042745 | T14: 2.0808388 | U14: 1.9342669 | V14: 1.66 | W14: 0.66 | X14: -1.6373079 | Y14: -1.3108591 | Z14: 0.18299712 | AA14: 0.12473123 | AB14: 0.1
A15: 43273 | B15: 145.16 | C15: 0.68 | D15: 1.9006169 | E15: 3.9688929 | F15: 4.0802617 | G15: 3.9957685 | H15: 3.5098038 | I15: 3.5305494 | J15: 2.7443109 | K15: 2.2772988 | L15: 2.4885725 | M15: 2.1235911 | N15: 0.53 | O15: 0.12 | P15: 2.1316734 | Q15: 2.5362928 | R15: 2.5264926 | S15: 2.3937587 | T15: 2.2466594 | U15: 2.0084065 | V15: 1.69 | W15: 0.64 | X15: -1.6151243 | Y15: -1.2078061 | Z15: 0.22062885 | AA15: 0.044722183 | AB15: 0.34
A16: 43274 | B16: 144.88 | C16: 0.47 | D16: 1.4413407 | E16: 3.3346462 | F16: 3.6722859 | G16: 3.6576265 | H16: 3.2563251 | I16: 3.5071124 | J16: 2.3872937 | K16: 1.9940665 | L16: 2.1520496 | M16: 1.7030446 | N16: 0.34 | O16: 0.07 | P16: 2.0044351 | Q16: 2.3710506 | R16: 2.3208475 | S16: 2.1539582 | T16: 1.9984232 | U16: 1.7741535 | V16: 1.49 | W16: 0.58 | X16: -1.6821772 | Y16: -1.2435067 | Z16: 0.16900692 | AA16: 0.026667542 | AB16: 0.33
A17: 43277 | B17: 144.13 | C17: 0.43 | D17: 0.9225592 | E17: 2.9901 | F17: 3.399053 | G17: 3.3700438 | H17: 3.1207181 | I17: 3.188109 | J17: 2.3149411 | K17: 2.0488411 | L17: 2.149349 | M17: 1.6588793 | N17: 0.36 | O17: 0.21 | P17: 2.0399164 | Q17: 2.3735333 | R17: 2.286312 | S17: 2.120589 | T17: 1.9722203 | U17: 1.6955148 | V17: 1.49 | W17: 0.6 | X17: -1.6451187 | Y17: -1.2404107 | Z17: 0.21094254 | AA17: 0.063366543 | AB17: 0.39
A18: 43279 | B18: 143.58 | C18: 0.29 | D18: 0.56660084 | E18: 2.5550744 | F18: 3.041378 | G18: 3.1281758 | H18: 2.7899104 | I18: 2.8661416 | J18: 1.9704438 | K18: 1.7282271 | L18: 1.7956245 | M18: 2.4015536 | N18: 0.2 | O18: 0.16 | P18: 1.8644973 | Q18: 2.276406 | R18: 2.1482439 | S18: 1.949826 | T18: 1.8245633 | U18: 1.449911 | V18: 1.4 | W18: 0.55 | X18: -1.6577999 | Y18: -1.2563916 | Z18: 0.21251259 | AA18: 0.099320964 | AB18: 0.41
A19: 43281 | B19: 142.72 | C19: 0.14 | D19: 0.14248963 | E19: 1.9816235 | F19: 2.5005439 | G19: 2.7152295 | H19: 2.3242336 | I19: 2.4213777 | J19: 1.545403 | K19: 1.3753597 | L19: 1.434139 | M19: 2.4947272 | N19: 0.04 | O19: 0.11 | P19: 1.5774746 | Q19: 2.0120096 | R19: 1.8906485 | S19: 1.7072775 | T19: 1.6528623 | U19: 1.1943066 | V19: 1.3 | W19: 0.5 | X19: -1.6704828 | Y19: -1.2723725 | Z19: 0.21408264 | AA19: 0.13527508 | AB19: 0.43
... A24: 43295 | B24: 148.69 | C24: 1.12 | D24: 4.0183128 | E24: 7.6588122 | F24: 8.1166675 | G24: 8.195767 | H24: 7.8979674 | I24: 7.8948654 | J24: 7.3620709 | K24: 7.4287418 | L24: 7.5576795 | M24: 7.1154354 | N24: 0.97 | O24: 0.58 | P24: 4.1168376 | Q24: 4.7815583 | R24: 4.8138251 | S24: 4.1734735 | T24: 4.8178966 | U24: 3.5894129 | V24: 2.94 | W24: 1.11 | X24: -1.8297109 | Y24: 0.72661341 | Z24: 1.8964565 | AA24: 0.39512333 | AB24: 1.04
A25: 43298 | B25: 148.88 | C25: 1.21 | D25: 4.4415939 | E25: 8.3978586 | F25: 8.9799895 | G25: 9.0006842 | H25: 8.5952625 | I25: 8.5444943 | J25: 7.9390586 | K25: 7.9306667 | L25: 8.0595069 | M25: 7.5125102 | N25: 1.06 | O25: 0.67 | P25: 4.5338867 | Q25: 5.3020427 | R25: 5.293422 | S25: 4.6118793 | T25: 5.1966937 | U25: 4.0657375 | V25: 3.16
A26: 43300 | B26: 148.37 | C26: 1.11 | D26: 4.2698753 | E26: 8.2357296 | F26: 8.9548372 | G26: 8.9289011 | H26: 8.5580781 | I26: 8.5590456 | J26: 7.815259 | K26: 7.8819058 | L26: 8.0264108 | M26: 7.5357088 | N26: 1.07 | O26: 0.74 | P26: 4.5059012 | Q26: 5.2137046 | R26: 5.2692753 | S26: 4.5346211 | T26: 5.1531195 | U26: 4.1276024 | V26: 3.13
A27: 43305 | B27: 148.18 | C27: 0.85 | D27: 3.7928533 | E27: 7.5269348 | F27: 8.2936775 | G27: 8.3745148 | H27: 8.1416672 | I27: 8.2512719 | J27: 7.3456915 | K27: 7.4026973 | L27: 7.5336457 | M27: 7.0192717 | N27: 0.88 | O27: 0.82 | P27: 4.3295477 | Q27: 4.8219536 | R27: 5.1090296 | S27: 4.4705419 | T27: 5.2230125 | U27: 4.7698358 | V27: 3.04
A28: 43308 | B28: 148.32 | C28: 0.92 | D28: 3.9752421 | E28: 7.8118451 | F28: 8.5316783 | G28: 8.6554971 | H28: 8.39473 | I28: 8.4384063 | J28: 7.6451715 | K28: 7.6407375 | L28: 7.7843482 | M28: 7.2417902 | N28: 0.95 | O28: 0.9 | P28: 4.5294936 | Q28: 5.2085784 | R28: 5.3041291 | S28: 4.6636034 | T28: 5.4268976 | U28: 4.9089297 | V28: 3.18
A29: 43312 | B29: 147.51 | C29: 0.89 | D29: 3.656744 | E29: 7.2468243 | F29: 7.988628 | G29: 8.1524967 | H29: 7.8449799 | I29: 7.7838724 | J29: 7.0263208 | K29: 7.0357329 | L29: 7.2337892 | M29: 6.8592013 | N29: 0.88 | O29: 0.88 | P29: 4.25384 | Q29: 4.8828806 | R29: 4.9908144 | S29: 4.4073398 | T29: 5.1944412 | U29: 4.5787876 | V29: 3 | W29: 0 | X29: -1.83 | Y29: 0.73 | Z29: 1.9 | AA29: 0.4 | AB29: 0
A30: 43314 | B30: 147.1 | C30: 0.78 | D30: 3.2784988 | E30: 6.6508136 | F30: 7.2911547 | G30: 7.4925273 | H30: 7.2191733 | I30: 7.4294164 | J30: 6.3537215 | K30: 6.3917661 | L30: 6.5897597 | M30: 6.4074536 | N30: 0.79 | O30: 0.76 | P30: 4.0472103 | Q30: 4.4440224 | R30: 4.400609 | S30: 4.174976 | T30: 5.06563 | U30: 4.3906788 | V30: 2.84 | W30: -0.1 | X30: -1.9005104 | Y30: 0.70116644 | Z30: 1.8467343 | AA30: 0.45108168 | AB30: 0.06
A31: 43319 | B31: 146.89 | C31: 0.88 | D31: 3.3920608 | E31: 6.7977817 | F31: 7.484013 | G31: 7.6602668 | H31: 7.2974744 | I31: 7.3325055 | J31: 6.5048904 | K31: 6.4972242 | L31: 6.6717508 | M31: 6.4548914 | N31: 0.82 | O31: 0.65 | P31: 3.9503121 | Q31: 4.4060783 | R31: 4.476274 | S31: 4.218983 | T31: 5.1798446 | U31: 4.3947893 | V31: 2.81 | W31: -0.03 | X31: -1.8303119 | Y31: 0.72016522 | Z31: 1.8394822 | AA31: 0.54445875 | AB31: 0.12
A32: 43321 | B32: 147.69 | C32: 0.98 | D32: 3.8543878 | E32: 7.868954 | F32: 8.3112982 | G32: 8.4793445 | H32: 8.1511021 | I32: 8.1934828 | J32: 7.3814781 | K32: 7.3808886 | L32: 7.4504873 | M32: 6.9474235 | N32: 0.9 | O32: 0.53 | P32: 4.2721481 | Q32: 4.9049187 | R32: 4.9394311 | S32: 4.6667717 | T32: 5.5516308 | U32: 4.7103068 | V32: 3.01 | W32: 0.01 | X32: -1.7164684 | Y32: 0.83909696 | Z32: 1.9519658 | AA32: 0.6835703 | AB32: 0.18
A33: 43326 | B33: 148.89 | C33: 1.3 | D33: 4.874174 | E33: 9.3070037 | F33: 9.7168947 | G33: 9.860408 | H33: 9.5056532 | I33: 9.5448082 | J33: 8.6732718 | K33: 8.6464893 | L33: 8.8201507 | M33: 8.0961445 | N33: 1.34 | O33: 0.56 | P33: 4.8295744 | Q33: 5.5948589 | R33: 5.5846411 | S33: 5.2102022 | T33: 5.9067164 | U33: 5.2430931 | V33: 3.43 | W33: 0.13 | X33: -1.5093456 | Y33: 0.98714086 | Z33: 2.0677396 | AA33: 0.69089372 | AB33: 0.1
A34: 43328 | B34: 148.63 | C34: 1.28 | D34: 4.7738436 | E34: 9.1958907 | F34: 9.6180795 | G34: 9.7646412 | H34: 9.4080295 | I34: 9.4322865 | J34: 8.5965699 | K34: 8.5872156 | L34: 8.7147603 | M34: 7.9192079 | N34: 1.13 | O34: 0.3 | P34: 4.7121823 | Q34: 5.5432995 | R34: 5.56887 | S34: 5.2115379 | T34: 5.9073979 | U34: 5.2924379 | V34: 3.51 | W34: 0.18 | X34: -1.4763695 | Y34: 1.0078138 | Z34: 2.0782278 | AA34: 0.71122714 | AB34: 0.11
A35: 43333 | B35: 148.74 | C35: 1.14 | D35: 4.6859135 | E35: 9.2752601 | F35: 9.8592157 | G35: 10.032337 | H35: 9.696481 | I35: 9.4655807 | J35: 8.7846615 | K35: 8.7773195 | L35: 8.852809 | M35: 8.0352608 | N35: 1.07 | O35: 0.27 | P35: 4.7620918 | Q35: 5.6561532 | R35: 5.6792542 | S35: 5.341543 | T35: 5.9771854 | U35: 5.3266523 | V35: 3.33 | W35: 0.21 | X35: -1.4342918 | Y35: 1.0758002 | Z35: 2.186229 | AA35: 0.79378008 | AB35: 0.13
A36: 43335 | B36: 148.28 | C36: 1.14 | D36: 4.5375653 | E36: 9.0032733 | F36: 9.5561111 | G36: 9.7478112 | H36: 9.437675 | I36: 9.2716151 | J36: 8.5528307 | K36: 8.5480486 | L36: 8.6460785 | M36: 7.9274247 | N36: 1.05 | O36: 0.25 | P36: 4.6311806 | Q36: 5.5174169 | R36: 5.5619408 | S36: 5.2403093 | T36: 5.95734 | U36: 5.3065826 | V36: 3.28 | W36: 0.19 | X36: -1.4608273 | Y36: 1.0308294 | Z36: 2.1431352 | AA36: 0.79116745 | AB36: 0.14
A37: 43342 | B37: 147.88 | C37: 0.9 | D37: 4.0327421 | E37: 8.2644743 | F37: 8.7802374 | G37: 8.9967555 | H37: 8.7981348 | I37: 8.5807135 | J37: 7.8796884 | K37: 7.9276509 | L37: 8.1105455 | M37: 7.4621293 | N37: 0.88 | O37: 0.53 | P37: 4.6034817 | Q37: 5.2647584 | R37: 5.3096649 | S37: 5.0185347 | T37: 5.8444288 | U37: 4.6483948 | V37: 3.3 | W37: 0.02 | X37: -1.6344024 | Y37: 0.85931974 | Z37: 2.016191 | AA37: 0.88757587 | AB37: 0.15
A38: 43349 | B38: 144.21 | C38: 0.34 | D38: 2.0833189 | E38: 5.1847508 | F38: 5.7921047 | G38: 6.0650255 | H38: 5.9216758 | I38: 6.3758117 | J38: 4.979223 | K38: 5.065661 | L38: 5.123506 | M38: 5.0993734 | N38: 0.32 | O38: 0.81 | P38: 3.4273707 | Q38: 3.6748034 | R38: 3.8175466 | S38: 3.6443492 | T38: 4.6362357 | U38: 3.8617965 | V38: 2.34 | W38: -0.24 | X38: -2.1345642 | Y38: 0.30362958 | Z38: 1.6197306 | AA38: 0.75095608 | AB38: 0.17
A39: 43356 | B39: 141.86 | C39: 0.29 | D39: 0.93605544 | E39: 3.3479824 | F39: 3.7647204 | G39: 4.0802165 | H39: 3.9258054 | I39: 4.1472805 | J39: 3.0214538 | K39: 3.01004 | L39: 3.1697321 | M39: 3.7781049 | N39: 0.17 | O39: 1.1 | P39: 2.6402698 | Q39: 2.5544072 | R39: 2.7798501 | S39: 2.6793565 | T39: 3.8586265 | U39: 3.0443569 | V39: 1.62 | W39: -0.49 | X39: -2.5560527 | Y39: -0.12000597 | Z39: 1.3335748 | AA39: 0.61599259 | AB39: 0.18
A40: 43363 | B40: 148.6 | C40: 1.05 | D40: 4.1599116 | E40: 8.4692301 | F40: 8.931491 | G40: 9.1623816 | H40: 8.6374087 | I40: 8.6621735 | J40: 7.3362416 | K40: 7.0201258 | L40: 7.2973645 | M40: 7.1633817 | N40: 0.97 | O40: 1.38 | P40: 4.9833645 | Q40: 5.0178119 | R40: 4.8005498 | S40: 4.007032 | T40: 4.3274557 | U40: 4.549048 | V40: 3.33 | W40: -0.25 | X40: -1.8190846 | Y40: 0.70802396 | Z40: 1.9397302 | AA40: 0.84115676 | AB40: 0.07
A41: 43371 | B41: 146.49 | C41: 0.63 | D41: 2.9347487 | E41: 6.5586993 | F41: 7.23559 | G41: 7.5474671 | H41: 7.284139 | I41: 7.4036909 | J41: 5.9815877 | K41: 5.9061723 | L41: 6.1303026 | M41: 6.0053184 | N41: 0.51 | O41: 0.8 | P41: 4.3556661 | Q41: 4.5660644 | R41: 4.6969782 | S41: 4.0784648 | T41: 4.9629399 | U41: 4.7553583 | V41: 2.9 | W41: 0.02 | X41: -1.8074274 | Y41: 0.59822404 | Z41: 1.7727856 | AA41: 0.79464784 | AB41: 0.04
A42: 43377 | B42: 144.59 | C42: 0.45 | D42: 1.9735371 | E42: 5.2780589 | F42: 5.9258419 | G42: 6.2084417 | H42: 6.0145646 | I42: 6.2027441 | J42: 4.9807414 | K42: 4.9211522 | L42: 5.0571868 | M42: 5.2120993 | N42: 0.32 | O42: 0.41 | P42: 3.5081874 | Q42: 3.7702268 | R42: 4.0126253 | S42: 3.4398939 | T42: 4.5424265 | V42: 2.26 | W42: -0.05 | X42: -2.0474924 | Y42: 0.35649567 | Z42: 1.5108625 | AA42: 0.66678731 | AB42: 0.01
A43: 43384 | B43: 145.65 | C43: 0.38 | D43: 2.2195514 | E43: 5.6334821 | F43: 6.2166402 | G43: 6.4985306 | H43: 6.405697 | I43: 5.8679858 | J43: 5.4320655 | K43: 5.4452936 | L43: 5.544745 | M43: 5.4545627 | N43: 0.21 | O43: 0.52 | P43: 3.7990868 | Q43: 4.0735489 | R43: 4.2729748 | S43: 3.613849 | T43: 4.6707791 | V43: 2.43 | W43: -0.34 | X43: -2.1425039 | Y43: 0.32888132 | Z43: 1.5109415 | AA43: 0.81304217 | AB43: 0.07
A44: 43391 | B44: 145.49 | C44: 0.37 | D44: 2.0775907 | E44: 5.3855132 | F44: 5.9686939 | G44: 6.2380549 | H44: 6.1034381 | I44: 5.4896327 | J44: 5.0334319 | K44: 5.0511581 | L44: 5.2635012 | M44: 5.3409341 | N44: 0.29 | O44: 0.62 | P44: 4.1248748 | Q44: 4.7177659 | R44: 2.899475 | S44: 4.179266 | T44: 5.0680019 | V44: 2.49 | W44: -0.15 | X44: -2.1130572 | Y44: 0.71121671 | Z44: 1.726702 | AA44: 0.29952134 | AB44: 0.12
A45: 43398 | B45: 149.04 | C45: 0.88 | D45: 4.26762 | E45: 8.8680917 | F45: 9.6721474 | G45: 10.002262 | H45: 9.7063263 | I45: 9.0624975 | J45: 8.7145636 | K45: 8.7147545 | L45: 8.8377973 | M45: 7.9579968 | N45: 0.72 | O45: 0.57 | P45: 5.7062478 | Q45: 6.7854625 | R45: 4.6699641 | S45: 5.8782666 | T45: 6.4679597 | V45: 3.36 | W45: -0.17 | X45: -1.8095629 | Y45: 0.97622632 | Z45: 2.0475924 | AA45: 0.47332352 | AB45: 0.11
A46: 43411 | B46: 149.28 | C46: 0.76 | D46: 4.1357677 | E46: 8.6730837 | F46: 9.6869451 | G46: 10.172865 | H46: 9.8430244 | I46: 8.9249949 | J46: 8.3826916 | K46: 8.3700296 | L46: 8.6067725 | M46: 7.8597318 | N46: 0.88 | O46: 0.77 | P46: 6.0167055 | Q46: 7.0603516 | R46: 4.8790469 | S46: 6.098177 | T46: 6.6802022 | V46: 3.6 | W46: 0.44 | X46: -1.1276941 | Y46: 1.6144954 | Z46: 2.7158396 | AA46: 1.1340061 | AB46: 0.69
A47: 43418 | B47: 149.17 | C47: 0.85 | D47: 4.1043482 | E47: 8.5138688 | F47: 9.5112399 | G47: 10.011687 | H47: 9.6852035 | I47: 8.7665391 | J47: 8.3487486 | K47: 8.4608323 | L47: 8.6997225 | M47: 7.902327 | N47: 0.93 | O47: 0.49 | P47: 5.8266924 | Q47: 6.9698823 | R47: 4.7904842 | S47: 6.1131107 | T47: 6.6915525 | V47: 3.75 | W47: 0.62 | X47: -1.0062743 | Y47: 1.6226674 | Z47: 2.5892803 | AA47: 1.0423899 | AB47: 0.53
A48: 43431 | B48: 148.89 | C48: 0.8 | D48: 4.0767318 | E48: 8.5171026 | F48: 9.6339297 | G48: 10.143509 | H48: 9.7441869 | I48: 8.8094782 | J48: 8.2633866 | K48: 8.2780188 | L48: 8.7491772 | M48: 8.2861419 | N48: 1.58 | O48: 0.06 | P48: 5.709728 | Q48: 7.1122675 | R48: 4.7780017 | S48: 6.1380507 | T48: 6.6421449 | V48: 3.63 | W48: 0.6 | X48: -0.99202746 | Y48: 1.5773579 | Z48: 2.6208502 | AA48: 1.0078567 | AB48: 0.58
A49: 43440 | B49: 148.61 | C49: 0.83 | D49: 4.3938468 | E49: 8.1465837 | F49: 9.2848974 | G49: 9.8163969 | H49: 9.4581277 | I49: 8.4111337 | J49: 7.7904503 | K49: 7.7427449 | L49: 8.2336638 | M49: 7.9110649 | N49: 1.53 | O49: 0.01 | P49: 5.6598917 | Q49: 7.09465 | R49: 4.6506986 | S49: 6.0153084 | T49: 6.4807626 | V49: 3.64 | W49: 0.63 | X49: -0.98024378 | Y49: 1.5511588 | Z49: 2.6442422 | AA49: 1.0980705 | AB49: 0.63
A50: 43449 | B50: 147.9 | C50: 0.78 | D50: 3.9223936 | E50: 8.1970208 | F50: 9.4015861 | G50: 9.7633935 | H50: 9.3005225 | I50: 8.2946079 | J50: 7.4494365 | K50: 7.1924771 | L50: 7.5438206 | M50: 7.2753036 | N50: 0.97 | O50: 0.05 | P50: 5.7444434 | Q50: 7.1896671 | R50: 4.699212 | S50: 5.8584254 | T50: 6.216815 | V50: 3.22 | W50: 0.44 | X50: -1.1245257 | Y50: 1.4316534 | Z50: 2.5419189 | AA50: 1.1217272 | AB50: 0.68
A51: 43459 | B51: 146.95 | C51: 0.54 | D51: 3.2014682 | E51: 7.0965672 | F51: 8.3971685 | G51: 8.8224074 | H51: 8.4737048 | I51: 7.4307089 | J51: 6.6035079 | K51: 6.4350779 | L51: 6.8202887 | M51: 6.673778 | N51: 0.82 | O51: 0.02 | P51: 5.1927471 | Q51: 6.4785051 | R51: 4.169088 | S51: 5.4176299 | T51: 5.954897 | U51: 3.9148685 | V51: 3.21 | W51: 0.36 | X51: -1.2692727 | Y51: 1.2715472 | Z51: 2.5628784 | AA51: 1.0853473 | AB51: 0.72
A52: 43470 | B52: 146.49 | C52: 0.64 | D52: 3.1275211 | E52: 6.850731 | F52: 7.906611 | G52: 8.2918435 | H52: 8.1105634 | I52: 7.4129756 | J52: 6.8375342 | K52: 7.0228087 | L52: 7.5500171 | M52: 7.205785 | N52: 0.96 | O52: -0.02 | P52: 4.5001943 | Q52: 5.5565369 | R52: 3.5076097 | S52: 4.9905427 | T52: 5.8596557 | U52: 3.6029703 | V52: 3.09 | W52: 0.27 | X52: -1.3022529 | Y52: 1.0845723 | Z52: 2.437386 | AA52: 0.92285469 | AB52: 0.6
A53: 43480 | B53: 145.6 | C53: 0.45 | D53: 2.1420875 | E53: 5.1607392 | F53: 5.9288183 | G53: 6.3065994 | H53: 6.1459136 | I53: 5.399751 | J53: 4.7700328 | K53: 4.9006873 | L53: 5.5499211 | M53: 5.9222769 | N53: 0.84 | O53: -0.07 | P53: 3.5100932 | Q53: 4.1659331 | R53: 2.3260292 | S53: 3.9292816 | T53: 5.0115156 | U53: 1.704376 | V53: 2.48 | W53: 0.19 | X53: -1.5265751 | Y53: 1.0446251 | Z53: 2.2864014 | AA53: 0.56172271 | AB53: 0.46
A54: 43490 | B54: 144.17 | C54: 0.38 | D54: 1.8798501 | E54: 4.5832358 | F54: 5.4928716 | G54: 5.8420803 | H54: 5.6435296 | I54: 4.8449045 | J54: 4.1566012 | K54: 4.3219641 | L54: 4.9867255 | M54: 5.4489682 | N54: 0.75 | O54: -0.21 | P54: 3.3784945 | Q54: 4.1795492 | R54: 2.1860407 | S54: 3.7143288 | T54: 4.7090785 | U54: 2.1778136 | V54: 2.6 | W54: -0.17 | X54: -1.9820085 | Y54: 0.47061261 | Z54: 1.9390743 | AA54: 0.2516226 | AB54: 0.27
A55: 43500 | B55: 142.69 | C55: 0.13 | D55: 0.93018666 | E55: 2.1667411 | F55: 2.8269924 | G55: 3.322064 | H55: 3.4918759 | I55: 2.7078462 | J55: 2.1174503 | K55: 2.5995362 | L55: 3.3983032 | M55: 4.2834018 | N55: 0.38 | O55: -0.35 | P55: 2.2496843 | Q55: 2.7474938 | R55: 1.1144648 | S55: 2.9864844 | T55: 4.388832 | U55: 3.2778829 | V55: 2.6 | W55: -0.24 | X55: -2.1834608 | Y55: 0.15926767 | Z55: 1.5700007 | AA55: 0.088694652 | AB55: 0.09
A56: 43510 | B56: 141.53 | C56: -0.16 | D56: 0.19371131 | E56: 1.8118945 | F56: 2.4549339 | G56: 2.8036992 | H56: 2.6493208 | I56: 1.8429663 | J56: 0.965655 | K56: 1.0116355 | L56: 1.7747321 | M56: 3.2332659 | N56: 0.23 | O56: -0.48 | P56: 1.9640726 | Q56: 2.3980195 | R56: 0.5115835 | S56: 2.1084688 | T56: 3.2198704 | U56: 2.623926 | V56: 1.27 | W56: -0.39 | X56: -2.4484905 | Y56: -0.287113 | Z56: 1.2193412 | AA56: -0.14932558 | AB56: -0.1
A57: 43521 | B57: 139.82 | C57: -0.27 | D57: -0.43556674 | E57: 0.69271889 | F57: 1.1960101 | G57: 1.5018649 | H57: 1.3348787 | I57: 0.65439685 | J57: -0.14480777 | K57: -0.070872926 | L57: 0.69319657 | M57: 2.4625143 | N57: 0 | O57: -0.62 | P57: 1.1832302 | Q57: 1.4789452 | R57: -0.35606144 | S57: 1.2637786 | T57: 2.4968224 | U57: 1.6647288 | V57: 1.09 | W57: -0.68 | X57: -2.8594868 | Y57: -0.74461686 | Z57: 0.83580374 | AA57: -0.41448149 | AB57: -0.28
A58: 43530 | B58: 137.09 | C58: -0.32 | D58: -1.256798 | E58: -0.83329454 | F58: -0.50508495 | G58: -0.19421404 | H58: -0.38112331 | I58: -0.9715581 | J58: -1.7972177 | K58: -1.7101946 | L58: -1.0485413 | M58: 1.1898531 | N58: -0.22 | O58: -0.76 | P58: 0.20240694 | Q58: 0.32166395 | R58: -1.5075644 | S58: 0.11933767 | T58: 1.4113573 | U58: 0.99812656 | V58: 0.37 | W58: -0.8 | X58: -3.2729464 | Y58: -1.4110572 | Z58: 0.34872562 | AA58: -1.0337517 | AB58: -0.73
A59: 43539 | B59: 134.87 | C59: -0.62 | D59: -2.2627545 | E59: -2.4483249 | F59: -2.1015893 | G59: -1.8450877 | H59: -2.1586262 | I59: -2.7777941 | J59: -3.8104288 | K59: -3.994229 | L59: -3.2326006 | M59: -0.22904889 | N59: -0.45 | O59: -0.9 | P59: -0.56277444 | Q59: -0.6905 | R59: -2.6186351 | S59: -1.1066696 | T59: 0.12185941 | U59: -0.11530066 | V59: -0.45 | W59: -0.59 | X59: -3.4813285 | Y59: -1.9387595 | Z59: -0.32101899 | AA59: -1.6649234 | AB59: -1.44
A60: 43549 | B60: 133.4 | C60: -0.65 | D60: -2.6705034 | E60: -2.7934661 | F60: -2.6670537 | G60: -2.4800477 | H60: -2.8185248 | I60: -3.3369995 | J60: -4.1761496 | K60: -4.5664039 | L60: -3.9522825 | M60: -0.80593832 | N60: -0.49 | O60: -1.04 | P60: -0.95397062 | Q60: -1.0842868 | R60: -3.2080895 | S60: -1.7721354 | T60: -0.68568546 | U60: -0.65513278 | V60: -0.69 | W60: -0.97 | X60: -3.998012 | Y60: -2.7089377 | Z60: -0.82578336 | AA60: -2.2745353 | AB60: -1.97
A61: 43561 | B61: 131.89 | C61: -0.74 | D61: -3.0459277 | E61: -3.6137231 | F61: -3.7533585 | G61: -3.6511264 | H61: -4.0780177 | I61: -4.5185541 | J61: -5.3121724 | K61: -5.7724495 | L61: -5.1983495 | M61: -1.5556438 | N61: -0.71 | O61: -1.04 | P61: -1.4845304 | Q61: -1.7664306 | R61: -3.9547362 | S61: -2.3885765 | T61: -1.1536905 | U61: -1.202841 | V61: -1.23 | W61: -1.24 | X61: -4.1961648 | Y61: -3.0395686 | Z61: -0.99618879 | AA61: -2.362151 | AB61: -1.97
A62: 43572 | B62: 131.24 | C62: -0.91 | D62: -3.5970986 | E62: -4.8696714 | F62: -5.21861 | G62: -5.0657586 | H62: -5.2905358 | I62: -5.674576 | J62: -6.3787101 | K62: -6.6680121 | L62: -5.9807726 | M62: -2.0884759 | N62: -0.91 | O62: -1.22 | P62: -1.9554121 | Q62: -2.3495139 | R62: -4.481804 | S62: -2.8464755 | T62: -1.4673201 | U62: -1.4673014 | V62: -1.53 | W62: -1.34 | X62: -4.2910259 | Y62: -3.2161021 | Z62: -1.0683942 | AA62: -2.4843895 | AB62: -2.03
... A191: 44608 | B191: 146.1 | C191: 0.55 | D191: 3.3154481 | E191: 6.9365662 | F191: 8.820971 | G191: 9.5773428 | H191: 8.2800533 | I191: 7.3576841 | J191: 5.4019339 | K191: 4.7889639 | L191: 5.324704 | M191: 6.2495823 | N191: 0.74 | O191: 1.1 | P191: 6.4421281 | Q191: 7.5784592 | R191: 4.4445881 | S191: 5.9651708 | T191: 6.3578941 | U191: 4.7406821 | V191: 3.51 | W191: 0.29 | X191: -1.7426851 | Y191: 1.1298177 | Z191: 3.6244647 | AA191: 3.0528982 | AB191: 0.95
A192: ='[1]坝顶153.00m'!A190 -> #REF! | B192: =VLOOKUP(A192,[2]河水位!$B:$C,2,0) -> #REF! | C192: =VLOOKUP(A192,'[1]坝顶153.00m'!A:C,3,0) -> #REF! | D192: =VLOOKUP(A192,'[1]坝顶153.00m'!A:AV,7,0) -> #REF! | E192: =VLOOKUP(A192,'[1]坝顶153.00m'!A:AV,11,0) -> #REF! | F192: =VLOOKUP(A192,'[1]坝顶153.00m'!A:AV,17,0) -> #REF! | G192: =VLOOKUP(A192,'[1]坝顶153.00m'!A:AV,21,0) -> #REF! | H192: =VLOOKUP(A192,'[1]坝顶153.00m'!A:AV,25,0) -> #REF! | I192: =VLOOKUP(A192,'[1]坝顶153.00m'!A:AV,29,0) -> #REF! | J192: =VLOOKUP(A192,'[1]坝顶153.00m'!A:AV,33,0) -> #REF! | K192: =VLOOKUP(A192,'[1]坝顶153.00m'!A:AV,37,0) -> #REF! | L192: =VLOOKUP(A192,'[1]坝顶153.00m'!A:AV,43,0) -> #REF! | M192: =VLOOKUP(A192,'[1]坝顶153.00m'!A:AV,47,0) -> #REF! | N192: =VLOOKUP(A192,'[1]坝顶153.00m'!A:AV,48,0) -> #REF! | O192: =VLOOKUP(A192,'[1]120.00m廊道'!A:AF,3,0) -> #REF! | P192: =VLOOKUP(A192,'[1]120.00m廊道'!A:AF,7,0) -> #REF! | Q192: =VLOOKUP(A192,'[1]120.00m廊道'!A:AF,13,0) -> #REF! | R192: =VLOOKUP(A192,'[1]120.00m廊道'!A:AF,17,0) -> #REF! | S192: =VLOOKUP(A192,'[1]120.00m廊道'!A:AF,21,0) -> #REF! | T192: =VLOOKUP(A192,'[1]120.00m廊道'!A:AF,25,0) -> #REF! | U192: ='[1]120.00m廊道'!AE191 -> 0.97625125 | V192: =VLOOKUP(A192,'[1]120.00m廊道'!A:AF,32,0) -> #REF! | W192: =VLOOKUP(A192,'[1]88.00m廊道'!#REF!,3,0) -> #REF! | X192: =VLOOKUP(A192,'[1]88.00m廊道'!#REF!,7,0) -> #REF! | Y192: =VLOOKUP(A192,'[1]88.00m廊道'!#REF!,11,0) -> #REF! | Z192: =VLOOKUP(A192,'[1]88.00m廊道'!#REF!,15,0) -> #REF! | AA192: =VLOOKUP(A192,'[1]88.00m廊道'!#REF!,19,0) -> #REF! | AB192: =VLOOKUP(A192,'[1]88.00m廊道'!#REF!,20,0) -> #REF!
A193: 44617 | B193: 146.07 | C193: 0.56 | D193: 3.5461011 | E193: 7.2897842 | F193: 9.0406851 | G193: 9.8001335 | H193: 8.3976663 | I193: 7.5134096 | J193: 5.5528033 | K193: 4.8304353 | L193: 5.2583876 | M193: 6.0761498 | N193: 0.74 | O193: 1.17 | P193: 6.5070173 | Q193: 7.6413097 | R193: 4.4434104 | S193: 5.9203146 | T193: 6.2042398 | U193: 5.0791421 | V193: 3.44 | W193: 0.25 | X193: -1.7207541 | Y193: 1.1130034 | Z193: 3.5470771 | AA193: 2.8032173 | AB193: 0.7
A194: 44627 | B194: 144.9 | C194: 0.53 | D194: 3.0963173 | E194: 6.4860411 | F194: 8.1892162 | G194: 8.9441572 | H194: 7.5896001 | I194: 6.710373 | J194: 4.8541973 | K194: 4.2398974 | L194: 4.658483 | M194: 5.5850541 | N194: 0.58 | O194: 1.05 | P194: 6.2024398 | Q194: 7.3682354 | R194: 4.0927698 | S194: 5.5470643 | T194: 5.8874677 | U194: 4.2153401 | V194: 3.21 | W194: 0.1 | X194: -1.7572155 | Y194: 1.0681889 | Z194: 3.5070251 | AA194: 2.9150809 | AB194: 0.78
A195: 44637 | B195: 144.83 | C195: 0.5 | D195: 3.1502795 | E195: 6.687896 | F195: 8.5464564 | G195: 9.9194295 | H195: 7.7008283 | I195: 7.0282092 | J195: 5.2470648 | K195: 4.725475 | L195: 4.9144793 | M195: 5.8943816 | N195: 0.54 | O195: 1.07 | P195: 6.2444138 | Q195: 7.4752713 | R195: 4.1404049 | S195: 5.5546723 | T195: 5.9532683 | U195: 4.0132487 | V195: 3.19 | W195: 0.03 | X195: -1.7575418 | Y195: 0.87920131 | Z195: 3.3005847 | AA195: 2.7789149 | AB195: 0.75
A196: 44646 | B196: 145.11 | C196: 0.66 | D196: 3.4409421 | E196: 7.0128299 | F196: 8.6717311 | G196: 9.8105389 | H196: 7.671792 | I196: 7.1061826 | J196: 5.3885782 | K196: 4.8706364 | L196: 5.0786973 | M196: 6.0383956 | N196: 0.56 | O196: 1.36 | P196: 6.3856055 | Q196: 7.4693238 | R196: 4.15775 | S196: 5.5640299 | T196: 5.9686326 | U196: 4.0312445 | V196: 3.15 | W196: 0.2 | X196: -1.6127209 | Y196: 0.94262013 | Z196: 3.2195529 | AA196: 2.6826833 | AB196: 0.66
A197: 44657 | B197: 145.04 | C197: 0.67 | D197: 3.4046588 | E197: 6.9157204 | F197: 8.5382318 | G197: 9.7306065 | H197: 7.5531555 | I197: 7.0262212 | J197: 5.2738559 | K197: 4.6970672 | L197: 4.9232415 | M197: 5.8822864 | N197: 0.63 | O197: 1.19 | P197: 6.3586613 | Q197: 7.6007824 | R197: 4.338972 | S197: 5.7442624 | T197: 6.0993037 | U197: 4.3658047 | V197: 3.02 | W197: 0.13 | X197: -1.5690298 | Y197: 1.1245555 | Z197: 3.4255727 | AA197: 2.8200315 | AB197: 0.81
A198: 44667 | B198: 140.93 | C198: 0.31 | D198: 1.8240647 | E198: 4.5247004 | F198: 6.1683669 | G198: 7.2598103 | H198: 5.0215408 | I198: 4.5599537 | J198: 2.5659401 | K198: 1.7359387 | L198: 1.8311499 | M198: 3.6054169 | N198: 0.11 | O198: 0.58 | P198: 5.0016105 | Q198: 6.2056516 | R198: 2.8059059 | S198: 4.1376207 | T198: 4.5371694 | U198: 2.6860443 | V198: 1.9 | W198: -0.18 | X198: -2.0641345 | Y198: 0.58675147 | Z198: 2.8618086 | AA198: 2.3687869 | AB198: 0.35
A199: 44678 | B199: 135.72 | C199: -0.1 | D199: 0.071232748 | E199: 1.7145436 | F199: 2.9800432 | G199: 3.9525773 | H199: 1.6387546 | I199: 1.2217753 | J199: -0.81506764 | K199: -1.9094175 | L199: -1.8630759 | M199: 3.4618204 | N199: -0.36 | O199: -0.06 | P199: 3.2119877 | Q199: 4.205997 | R199: 0.59803286 | S199: 1.7083321 | T199: 1.9944598 | U199: 0.46848023 | V199: 0.38 | W199: -0.75 | X199: -3.0623404 | Y199: -0.67770417 | Z199: 1.4145432 | AA199: 0.94973184 | AB199: -0.93
A200: 44687 | B200: 136.15 | C200: 0 | D200: 0.30164576 | E200: 2.3735742 | F200: 3.6930742 | G200: 4.5634417 | H200: 2.3645026 | I200: 2.7977223 | J200: 0.032005368 | K200: -1.0240399 | L200: -1.2990735 | M200: 1.0704603 | N200: -0.43 | O200: -0.24 | P200: 3.170042 | Q200: 4.2974932 | R200: 0.73644238 | S200: 1.851772 | T200: 2.1065825 | U200: 0.33802822 | V200: 0.17 | W200: -0.82 | X200: -3.0526816 | Y200: -0.80998029 | Z200: 1.3989667 | AA200: 1.0152932 | AB200: -0.85
A201: 44697 | B201: 134.42 | C201: -0.02 | D201: -0.1685616 | E201: 1.3580715 | F201: 2.4536637 | G201: 3.28762 | H201: 0.99622163 | I201: 0.79978899 | J201: -1.0990492 | K201: -2.2610032 | L201: -2.5067582 | M201: 0.30119489 | N201: -0.55 | O201: -0.3 | P201: 2.7372289 | Q201: 3.7302338 | R201: 0.066153633 | S201: 1.1496272 | T201: 1.4383021 | U201: -0.22735403 | V201: -0.22 | W201: -0.73 | X201: -3.2083232 | Y201: -0.82535603 | Z201: 1.0323197 | AA201: 0.721072 | AB201: -1.16
A202: 44707 | B202: 137.39 | C202: 0.08 | D202: 0.35333533 | E202: 2.1777717 | F202: 2.9732984 | G202: 3.8614883 | H202: 1.6943491 | I202: 1.5771284 | J202: -0.056440196 | K202: -1.0649729 | L202: -1.3700185 | M202: 1.0046472 | N202: -0.3 | O202: -0.28 | P202: 3.1937734 | Q202: 4.3171224 | R202: 0.70290734 | S202: 1.7972665 | T202: 2.0621464 | U202: 0.1532703 | V202: 0.2 | W202: -0.78 | X202: -3.0788701 | Y202: -0.70841685 | Z202: 1.0737421 | AA202: 0.55618961 | AB202: -1.07
A203: 44718 | B203: 143 | C203: 0.59 | D203: 2.621585 | E203: 5.9170449 | F203: 7.1474814 | G203: 8.1038979 | H203: 5.8837378 | I203: 6.0494571 | J203: 4.1912892 | K203: 3.4295004 | L203: 2.9270357 | M203: 3.7353026 | N203: 0.02 | O203: 0.62 | P203: 5.1871316 | Q203: 6.4537415 | R203: 3.0237976 | S203: 4.3370635 | T203: 4.7055099 | U203: 2.640926 | V203: 1.84 | W203: -0.42 | X203: -2.0899799 | Y203: 0.2974801 | Z203: 2.089235 | AA203: 1.8266226 | AB203: 0.09
A204: 44728 | B204: 137.13 | C204: 0.02 | D204: 0.41993467 | E204: 2.1926195 | F204: 3.3091114 | G204: 4.3294309 | H204: 2.111511 | I204: 1.9033994 | J204: -0.013323499 | K204: -1.1015437 | L204: -1.3328937 | M204: 0.98296314 | N204: -0.45 | O204: -0.01 | P204: 3.3696703 | Q204: 4.4591355 | R204: 0.97301245 | S204: 2.2077107 | T204: 2.6419969 | U204: 0.78501934 | V204: 0.52 | W204: -0.98 | X204: -2.9821878 | Y204: -0.55989915 | Z204: 1.2213802 | AA204: 1.1075673 | AB204: -0.58
... A217: 44812 | B217: 147.77 | C217: 1.08 | D217: 5.7380197 | E217: 9.9716868 | F217: 11.633452 | G217: 12.712916 | H217: 10.573681 | I217: 10.415955 | J217: 8.4036941 | K217: 7.7265096 | L217: 7.5543434 | M217: 7.3896396 | N217: 0.69 | O217: 1.36 | P217: 7.6886329 | Q217: 9.3982038 | R217: 4.6042846 | S217: 7.4060616 | T217: 7.0239847 | U217: 5.3035115 | V217: 3.89 | W217: 0.31 | X217: -0.38796571 | Y217: 1.5200669 | Z217: 3.5290042 | AA217: 3.1487348 | AB217: 1.23
A218: 44819 | B218: 148.13 | C218: 1.18 | D218: 5.9331897 | E218: 10.126155 | F218: 11.649658 | G218: 12.77879 | H218: 10.72582 | I218: =VLOOKUP(A218,'[3]坝顶153.00m'!A:AV,29,0) -> #N/A | J218: 8.6500072 | K218: 8.1153053 | L218: 7.9993664 | M218: 7.6731976 | N218: 0.78 | O218: 1.37 | P218: 7.7404025 | Q218: 9.4488773 | R218: 4.6354002 | S218: 7.4766648 | T218: 7.1170463 | U218: 5.5317242 | V218: 4.15 | W218: 0.31 | X218: -0.43992458 | Y218: 1.5320214 | Z218: 3.5294347 | AA218: 3.137644 | AB218: 1.18
A219: 44826 | B219: 147.88 | C219: 1.03 | D219: 5.6140908 | E219: 9.8359483 | F219: 11.521868 | G219: 12.670703 | H219: 10.537699 | I219: 10.278584 | J219: 8.3196318 | K219: 7.7015701 | L219: 7.6491505 | M219: 7.537891 | N219: 0.79 | O219: 1.39 | P219: 7.6504291 | Q219: 9.3232952 | R219: 4.5318042 | S219: 7.3850628 | T219: 7.0703616 | U219: 5.3194901 | V219: 4.08 | W219: 0.22 | X219: -0.55283485 | Y219: 1.4753698 | Z219: 3.5319396 | AA219: 3.1604742 | AB219: 1.24
A220: 44832 | B220: 148.34 | C220: 1.26 | D220: 6.0587221 | E220: 10.423201 | F220: 12.038564 | G220: 13.205796 | H220: 11.164468 | I220: 10.630373 | J220: 8.9400022 | K220: 8.4174636 | L220: 8.3857681 | M220: 8.0766282 | N220: 0.9 | O220: 1.5 | P220: 7.8891119 | Q220: 9.5672659 | R220: 4.7744076 | S220: 7.5945363 | T220: 7.2573758 | U220: 5.71391 | V220: 4.34 | W220: 0.41 | X220: -0.42966036 | Y220: 1.5881148 | Z220: 3.6101073 | AA220: 3.1857479 | AB220: 1.21
A221: 44839 | B221: 148.41 | C221: 1.28 | D221: 6.2814181 | E221: 10.90458 | F221: 12.537019 | G221: 13.520097 | H221: 11.460179 | I221: 11.163239 | J221: 9.2649035 | K221: 8.6710515 | L221: 8.600917 | M221: 8.2751696 | N221: 0.93 | O221: 1.5 | P221: 7.9477433 | Q221: 9.6697768 | R221: 4.873667 | S221: 7.6614638 | T221: 7.2485207 | U221: 5.6919767 | V221: 4.21 | W221: 0.52 | X221: -0.43369147 | Y221: 1.6635381 | Z221: 3.59286 | AA221: 3.3167914 | AB221: 1.12
A222: 44846 | B222: 148.57 | C222: 1.36 | D222: 6.4611049 | E222: 11.2572 | F222: 12.877645 | G222: 13.759958 | H222: 11.61984 | I222: 11.414488 | J222: 9.2523909 | K222: 8.5306436 | L222: 8.4290111 | M222: 8.2478844 | N222: 0.78 | O222: 1.41 | P222: 8.0794367 | Q222: 9.8373857 | R222: 4.9610537 | S222: 7.6434519 | T222: 7.1378402 | U222: 5.62066 | V222: 4.2 | W222: 0.66 | X222: -0.32620996 | Y222: 1.6367382 | Z222: 3.4837943 | AA222: 3.2854932 | AB222: 0.91
A223: 44854 | B223: 148.4 | C223: 1.3 | D223: 6.5816318 | E223: 10.779626 | F223: 12.546502 | G223: 13.634463 | H223: 11.65147 | I223: 11.317302 | J223: 9.4548763 | K223: 9.0177865 | L223: 8.916847 | M223: 8.4672887 | N223: 0.78 | O223: 1.6 | P223: 8.1149712 | Q223: 9.8163657 | R223: 5.0435841 | S223: 7.8844258 | T223: 7.5304373 | U223: 5.7280141 | V223: 4.41 | W223: 0.57 | X223: -0.33753776 | Y223: 1.7956527 | Z223: 3.7675026 | AA223: 3.546225 | AB223: 1.4
A224: 44861 | B224: 148.5 | C224: 1.08 | D224: 6.4421 | E224: 10.653689 | F224: 12.396843 | G224: 13.480727 | H224: 11.606527 | I224: 11.162276 | J224: 9.590128 | K224: 9.2874625 | L224: 9.201105 | M224: 8.6035675 | N224: 0.81 | O224: 1.26 | P224: 8.0129842 | Q224: 9.8090212 | R224: 5.0555036 | S224: 7.9840719 | T224: 7.6974732 | U224: 5.8971505 | V224: 4.4 | W224: 0.73 | X224: -0.30645801 | Y224: 1.9655402 | Z224: 3.9333651 | AA224: 3.672115 | AB224: 1.56
A225: 44869 | B225: 148.21 | C225: 0.91 | D225: 5.9448653 | E225: 9.8754062 | F225: 11.869968 | G225: 13.087557 | H225: 11.022267 | I225: 10.310217 | J225: 8.4192541 | K225: 7.966305 | L225: 8.0520291 | M225: 7.9075797 | N225: 0.77 | O225: 1.4 | P225: 7.8547102 | Q225: 9.471722 | R225: 4.6919748 | S225: 7.5562134 | T225: 7.2218623 | U225: 5.5094055 | V225: 4.37 | W225: 0.62 | X225: -0.52675171 | Y225: 1.7076766 | Z225: 3.626199 | AA225: 3.4470474 | AB225: 1.2
A226: 44875 | B226: 147.66 | C226: 1.08 | D226: 5.3935942 | E226: 9.5832359 | F226: 11.445924 | G226: 12.580577 | H226: 10.434173 | I226: 9.6559491 | J226: 7.7144841 | K226: 7.1078595 | L226: 7.2345134 | M226: 7.2434614 | N226: 0.72 | O226: 1.23 | P226: 7.6592529 | Q226: 9.3296571 | R226: 4.5956246 | S226: 7.5172859 | T226: 7.2812094 | U226: 5.5081016 | V226: 4.09 | W226: 0.51 | X226: -0.57721405 | Y226: 1.6988956 | Z226: 3.6671251 | AA226: 3.6627011 | AB226: 1.4
A227: 44881 | B227: 145.89 | C227: 0.93 | D227: 4.6608807 | E227: 8.3672016 | F227: 10.19576 | G227: 11.302371 | H227: 9.3246187 | I227: 8.672073 | J227: 6.8868975 | K227: 6.4328152 | L227: 6.5267357 | M227: 6.6292009 | N227: 0.58 | O227: 1.02 | P227: 7.0599393 | Q227: 8.6630681 | R227: 3.8720956 | S227: 6.7069648 | T227: 6.4287518 | U227: 4.8629791 | V227: 3.91 | W227: 0.38 | X227: -0.88535622 | Y227: 1.3037789 | Z227: 3.2494502 | AA227: 3.1462512 | AB227: 1.05
A228: 44891 | B228: 145.03 | C228: 1 | D228: 4.9745317 | E228: 8.7331574 | F228: 10.35247 | G228: 11.153023 | H228: 8.9982648 | I228: 8.6377447 | J228: 6.5913582 | K228: 5.7707268 | L228: 5.7703936 | M228: 6.4083837 | N228: 0.52 | O228: 0.74 | P228: 6.6984847 | Q228: 8.429846 | R228: 3.6102119 | S228: 6.4876921 | T228: 6.2235254 | U228: 4.7038121 | V228: 3.55 | W228: 0.23 | X228: -1.0688436 | Y228: 1.034453 | Z228: 3.0905766 | AA228: 2.9605608 | AB228: 0.98
A229: 44902 | B229: 142.62 | C229: 0.61 | D229: 5.3377368 | E229: 6.9076288 | F229: 8.4848386 | G229: 9.2817699 | H229: 7.2347752 | I229: 6.7184462 | J229: 4.8004781 | K229: 4.0445511 | L229: 4.0837472 | M229: 5.0837123 | N229: 0.21 | O229: 0.55 | P229: 6.1604817 | Q229: 7.5060259 | R229: 2.6499773 | S229: 5.4827134 | T229: 5.2466189 | U229: 3.7743633 | V229: 3.18 | W229: 0.04 | X229: -1.4710909 | Y229: 0.56511515 | Z229: 2.6230802 | AA229: 2.4273481 | AB229: 0.69
A230: 44912 | B230: 141.48 | C230: 0.14 | D230: 3.7102939 | E230: 5.3234362 | F230: 7.1913003 | G230: 7.9795319 | H230: 5.657107 | I230: 4.9071445 | J230: 2.4990452 | K230: 1.4656715 | L230: 1.6319323 | M230: 3.3674375 | N230: 0.01 | O230: 0.47 | P230: 5.1707129 | Q230: 6.5433635 | R230: 1.7986301 | S230: 4.6347492 | T230: 4.4548265 | U230: 3.0624566 | V230: 2.14 | W230: -0.14 | X230: -2.1036267 | Y230: 0.057820445 | Z230: 2.1108371 | AA230: 2.1363312 | AB230: 0.23
... A237: 44982 | B237: 147.32 | C237: 0.75 | D237: 5.3495328 | E237: 8.9521271 | F237: 11.375216 | G237: 12.353755 | H237: 10.069675 | I237: 9.1351942 | J237: 6.7009394 | K237: 5.9666284 | L237: 6.2290121 | M237: 6.4892871 | N237: 0.72 | O237: 0 | P237: 7.1336971 | Q237: 9.2506024 | R237: 4.4177743 | S237: 7.1924154 | T237: 6.8299612 | U237: 5.6066391 | V237: 4.2 | W237: 0.3 | X237: -1.8777676 | Y237: 0.65766265 | Z237: 3.2875257 | AA237: 3.41952 | AB237: 0.87
A238: ='[3]坝顶153.00m'!A236 -> #REF! | B238: =VLOOKUP(A238,[4]河水位!$B:$C,2,0) -> #REF! | C238: =VLOOKUP(A238,'[3]坝顶153.00m'!A:C,3,0) -> #REF! | D238: =VLOOKUP(A238,'[3]坝顶153.00m'!A:AV,7,0) -> #REF! | E238: =VLOOKUP(A238,'[3]坝顶153.00m'!A:AV,11,0) -> #REF! | F238: =VLOOKUP(A238,'[3]坝顶153.00m'!A:AV,17,0) -> #REF! | G238: =VLOOKUP(A238,'[3]坝顶153.00m'!A:AV,21,0) -> #REF! | H238: =VLOOKUP(A238,'[3]坝顶153.00m'!A:AV,25,0) -> #REF! | I238: =VLOOKUP(A238,'[3]坝顶153.00m'!A:AV,29,0) -> #REF! | J238: =VLOOKUP(A238,'[3]坝顶153.00m'!A:AV,33,0) -> #REF! | K238: =VLOOKUP(A238,'[3]坝顶153.00m'!A:AV,37,0) -> #REF! | L238: =VLOOKUP(A238,'[3]坝顶153.00m'!A:AV,43,0) -> #REF! | M238: =VLOOKUP(A238,'[3]坝顶153.00m'!A:AV,47,0) -> #REF! | N238: =VLOOKUP(A238,'[3]坝顶153.00m'!A:AV,48,0) -> #REF! | O238: =VLOOKUP(A238,'[3]120.00m廊道'!A:AF,3,0) -> #REF! | P238: =VLOOKUP(A238,'[3]120.00m廊道'!A:AF,7,0) -> #REF! | Q238: =VLOOKUP(A238,'[3]120.00m廊道'!A:AF,13,0) -> #REF! | R238: =VLOOKUP(A238,'[3]120.00m廊道'!A:AF,17,0) -> #REF! | S238: =VLOOKUP(A238,'[3]120.00m廊道'!A:AF,21,0) -> #REF! | T238: =VLOOKUP(A238,'[3]120.00m廊道'!A:AF,25,0) -> #REF! | U238: ='[3]120.00m廊道'!AE237 -> 1.0594651 | V238: =VLOOKUP(A238,'[3]120.00m廊道'!A:AF,32,0) -> #REF! | W238: =VLOOKUP(A238,'[3]88.00m廊道'!#REF!,3,0) -> #REF! | X238: =VLOOKUP(A238,'[3]88.00m廊道'!#REF!,7,0) -> #REF! | Y238: =VLOOKUP(A238,'[3]88.00m廊道'!#REF!,11,0) -> #REF! | Z238: =VLOOKUP(A238,'[3]88.00m廊道'!#REF!,15,0) -> #REF! | AA238: =VLOOKUP(A238,'[3]88.00m廊道'!#REF!,19,0) -> #REF! | AB238: =VLOOKUP(A238,'[3]88.00m廊道'!#REF!,20,0) -> #REF!
A239: ='[3]坝顶153.00m'!A237 -> #REF! | B239: =VLOOKUP(A239,[4]河水位!$B:$C,2,0) -> #REF! | C239: =VLOOKUP(A239,'[3]坝顶153.00m'!A:C,3,0) -> #REF! | D239: =VLOOKUP(A239,'[3]坝顶153.00m'!A:AV,7,0) -> #REF! | E239: =VLOOKUP(A239,'[3]坝顶153.00m'!A:AV,11,0) -> #REF! | F239: =VLOOKUP(A239,'[3]坝顶153.00m'!A:AV,17,0) -> #REF! | G239: =VLOOKUP(A239,'[3]坝顶153.00m'!A:AV,21,0) -> #REF! | H239: =VLOOKUP(A239,'[3]坝顶153.00m'!A:AV,25,0) -> #REF! | I239: =VLOOKUP(A239,'[3]坝顶153.00m'!A:AV,29,0) -> #REF! | J239: =VLOOKUP(A239,'[3]坝顶153.00m'!A:AV,33,0) -> #REF! | K239: =VLOOKUP(A239,'[3]坝顶153.00m'!A:AV,37,0) -> #REF! | L239: =VLOOKUP(A239,'[3]坝顶153.00m'!A:AV,43,0) -> #REF! | M239: =VLOOKUP(A239,'[3]坝顶153.00m'!A:AV,47,0) -> #REF! | N239: =VLOOKUP(A239,'[3]坝顶153.00m'!A:AV,48,0) -> #REF! | O239: =VLOOKUP(A239,'[3]120.00m廊道'!A:AF,3,0) -> #REF! | P239: =VLOOKUP(A239,'[3]120.00m廊道'!A:AF,7,0) -> #REF! | Q239: =VLOOKUP(A239,'[3]120.00m廊道'!A:AF,13,0) -> #REF! | R239: =VLOOKUP(A239,'[3]120.00m廊道'!A:AF,17,0) -> #REF! | S239: =VLOOKUP(A239,'[3]120.00m廊道'!A:AF,21,0) -> #REF! | T239: =VLOOKUP(A239,'[3]120.00m廊道'!A:AF,25,0) -> #REF! | U239: ='[3]120.00m廊道'!AE238 -> 1.0810415 | V239: =VLOOKUP(A239,'[3]120.00m廊道'!A:AF,32,0) -> #REF! | W239: =VLOOKUP(A239,'[3]88.00m廊道'!#REF!,3,0) -> #REF! | X239: =VLOOKUP(A239,'[3]88.00m廊道'!#REF!,7,0) -> #REF! | Y239: =VLOOKUP(A239,'[3]88.00m廊道'!#REF!,11,0) -> #REF! | Z239: =VLOOKUP(A239,'[3]88.00m廊道'!#REF!,15,0) -> #REF! | AA239: =VLOOKUP(A239,'[3]88.00m廊道'!#REF!,19,0) -> #REF! | AB239: =VLOOKUP(A239,'[3]88.00m廊道'!#REF!,20,0) -> #REF!
A240: ='[3]坝顶153.00m'!A238 -> #REF! | B240: =VLOOKUP(A240,[4]河水位!$B:$C,2,0) -> #REF! | C240: =VLOOKUP(A240,'[3]坝顶153.00m'!A:C,3,0) -> #REF! | D240: =VLOOKUP(A240,'[3]坝顶153.00m'!A:AV,7,0) -> #REF! | E240: =VLOOKUP(A240,'[3]坝顶153.00m'!A:AV,11,0) -> #REF! | F240: =VLOOKUP(A240,'[3]坝顶153.00m'!A:AV,17,0) -> #REF! | G240: =VLOOKUP(A240,'[3]坝顶153.00m'!A:AV,21,0) -> #REF! | H240: =VLOOKUP(A240,'[3]坝顶153.00m'!A:AV,25,0) -> #REF! | I240: =VLOOKUP(A240,'[3]坝顶153.00m'!A:AV,29,0) -> #REF! | J240: =VLOOKUP(A240,'[3]坝顶153.00m'!A:AV,33,0) -> #REF! | K240: =VLOOKUP(A240,'[3]坝顶153.00m'!A:AV,37,0) -> #REF! | L240: =VLOOKUP(A240,'[3]坝顶153.00m'!A:AV,43,0) -> #REF! | M240: =VLOOKUP(A240,'[3]坝顶153.00m'!A:AV,47,0) -> #REF! | N240: =VLOOKUP(A240,'[3]坝顶153.00m'!A:AV,48,0) -> #REF! | O240: =VLOOKUP(A240,'[3]120.00m廊道'!A:AF,3,0) -> #REF! | P240: =VLOOKUP(A240,'[3]120.00m廊道'!A:AF,7,0) -> #REF! | Q240: =VLOOKUP(A240,'[3]120.00m廊道'!A:AF,13,0) -> #REF! | R240: =VLOOKUP(A240,'[3]120.00m廊道'!A:AF,17,0) -> #REF! | S240: =VLOOKUP(A240,'[3]120.00m廊道'!A:AF,21,0) -> #REF! | T240: =VLOOKUP(A240,'[3]120.00m廊道'!A:AF,25,0) -> #REF! | U240: ='[3]120.00m廊道'!AE239 -> 1.068712 | V240: =VLOOKUP(A240,'[3]120.00m廊道'!A:AF,32,0) -> #REF! | W240: =VLOOKUP(A240,'[3]88.00m廊道'!#REF!,3,0) -> #REF! | X240: =VLOOKUP(A240,'[3]88.00m廊道'!#REF!,7,0) -> #REF! | Y240: =VLOOKUP(A240,'[3]88.00m廊道'!#REF!,11,0) -> #REF! | Z240: =VLOOKUP(A240,'[3]88.00m廊道'!#REF!,15,0) -> #REF! | AA240: =VLOOKUP(A240,'[3]88.00m廊道'!#REF!,19,0) -> #REF! | AB240: =VLOOKUP(A240,'[3]88.00m廊道'!#REF!,20,0) -> #REF!
A241: 45023 | B241: 144.554 | C241: 0.33 | D241: 3.4994066 | E241: 5.9195508 | F241: 8.0366194 | G241: 9.1681354 | H241: 7.1577915 | I241: 6.2523163 | J241: 3.8735559 | K241: 3.2441662 | L241: 3.659901 | M241: 4.4982418 | N241: 0.11 | O241: 0.66 | P241: 6.2255813 | Q241: 7.6832522 | R241: 2.9028269 | S241: 5.794622 | T241: 5.7242381 | U241: 4.2440377 | V241: 3.41 | W241: -0.24 | X241: -1.5897348 | Y241: 0.8277277 | Z241: 3.1900667 | AA241: 3.2833615 | AB241: 0.95
A242: 45033 | B242: 142.86 | C242: 0.36 | D242: 3.5906031 | E242: 5.9257972 | F242: 7.9315405 | G242: 8.852855 | H242: 6.7179695 | I242: 6.1477072 | J242: 3.6793314 | K242: 2.89713 | L242: 3.095016 | M242: 4.1546571 | N242: -0.04 | O242: 0.57 | P242: 6.1876289 | Q242: 7.8388082 | R242: 2.749717 | S242: 5.3999113 | T242: 5.1104948 | U242: 3.5192617 | V242: 2.72 | W242: -0.6 | X242: -1.3922651 | Y242: 0.474874 | Z242: 3.1138942 | AA242: 3.1318804 | AB242: 0.72
A243: 45042 | B243: 140.75 | C243: 0.11 | D243: 2.1129268 | E243: 3.8900022 | F243: 5.5370826 | G243: 6.571237 | H243: 4.6237028 | I243: 4.0999809 | J243: 1.9367889 | K243: 1.3264327 | L243: 1.6723997 | M243: 2.981642 | N243: -0.16 | O243: 0.28 | P243: 5.1648946 | Q243: 6.4186058 | R243: 1.5192713 | S243: 4.3497933 | T243: 4.3665815 | U243: 3.0513398 | V243: 2.56 | W243: -0.91 | X243: -1.993488 | Y243: 0.2384933 | Z243: 2.8321021 | AA243: 3.1507593 | AB243: 0.67
A244: ='[3]坝顶153.00m'!A242 -> #REF! | B244: =VLOOKUP(A244,[4]河水位!$B:$C,2,0) -> #REF! | C244: =VLOOKUP(A244,'[3]坝顶153.00m'!A:C,3,0) -> #REF! | D244: =VLOOKUP(A244,'[3]坝顶153.00m'!A:AV,7,0) -> #REF! | E244: =VLOOKUP(A244,'[3]坝顶153.00m'!A:AV,11,0) -> #REF! | F244: =VLOOKUP(A244,'[3]坝顶153.00m'!A:AV,17,0) -> #REF! | G244: =VLOOKUP(A244,'[3]坝顶153.00m'!A:AV,21,0) -> #REF! | H244: =VLOOKUP(A244,'[3]坝顶153.00m'!A:AV,25,0) -> #REF! | I244: =VLOOKUP(A244,'[3]坝顶153.00m'!A:AV,29,0) -> #REF! | J244: =VLOOKUP(A244,'[3]坝顶153.00m'!A:AV,33,0) -> #REF! | K244: =VLOOKUP(A244,'[3]坝顶153.00m'!A:AV,37,0) -> #REF! | L244: =VLOOKUP(A244,'[3]坝顶153.00m'!A:AV,43,0) -> #REF! | M244: =VLOOKUP(A244,'[3]坝顶153.00m'!A:AV,47,0) -> #REF! | N244: =VLOOKUP(A244,'[3]坝顶153.00m'!A:AV,48,0) -> #REF! | O244: =VLOOKUP(A244,'[3]120.00m廊道'!A:AF,3,0) -> #REF! | P244: =VLOOKUP(A244,'[3]120.00m廊道'!A:AF,7,0) -> #REF! | Q244: =VLOOKUP(A244,'[3]120.00m廊道'!A:AF,13,0) -> #REF! | R244: =VLOOKUP(A244,'[3]120.00m廊道'!A:AF,17,0) -> #REF! | S244: =VLOOKUP(A244,'[3]120.00m廊道'!A:AF,21,0) -> #REF! | T244: =VLOOKUP(A244,'[3]120.00m廊道'!A:AF,25,0) -> #REF! | U244: ='[3]120.00m廊道'!AE243 -> 0.50186023 | V244: =VLOOKUP(A244,'[3]120.00m廊道'!A:AF,32,0) -> #REF! | W244: =VLOOKUP(A244,'[3]88.00m廊道'!#REF!,3,0) -> #REF! | X244: =VLOOKUP(A244,'[3]88.00m廊道'!#REF!,7,0) -> #REF! | Y244: =VLOOKUP(A244,'[3]88.00m廊道'!#REF!,11,0) -> #REF! | Z244: =VLOOKUP(A244,'[3]88.00m廊道'!#REF!,15,0) -> #REF! | AA244: =VLOOKUP(A244,'[3]88.00m廊道'!#REF!,19,0) -> #REF! | AB244: =VLOOKUP(A244,'[3]88.00m廊道'!#REF!,20,0) -> #REF!
A245: ='[3]坝顶153.00m'!A243 -> #REF! | B245: =VLOOKUP(A245,[4]河水位!$B:$C,2,0) -> #REF! | C245: =VLOOKUP(A245,'[3]坝顶153.00m'!A:C,3,0) -> #REF! | D245: =VLOOKUP(A245,'[3]坝顶153.00m'!A:AV,7,0) -> #REF! | E245: =VLOOKUP(A245,'[3]坝顶153.00m'!A:AV,11,0) -> #REF! | F245: =VLOOKUP(A245,'[3]坝顶153.00m'!A:AV,17,0) -> #REF! | G245: =VLOOKUP(A245,'[3]坝顶153.00m'!A:AV,21,0) -> #REF! | H245: =VLOOKUP(A245,'[3]坝顶153.00m'!A:AV,25,0) -> #REF! | I245: =VLOOKUP(A245,'[3]坝顶153.00m'!A:AV,29,0) -> #REF! | J245: =VLOOKUP(A245,'[3]坝顶153.00m'!A:AV,33,0) -> #REF! | K245: =VLOOKUP(A245,'[3]坝顶153.00m'!A:AV,37,0) -> #REF! | L245: =VLOOKUP(A245,'[3]坝顶153.00m'!A:AV,43,0) -> #REF! | M245: =VLOOKUP(A245,'[3]坝顶153.00m'!A:AV,47,0) -> #REF! | N245: =VLOOKUP(A245,'[3]坝顶153.00m'!A:AV,48,0) -> #REF! | O245: =VLOOKUP(A245,'[3]120.00m廊道'!A:AF,3,0) -> #REF! | P245: =VLOOKUP(A245,'[3]120.00m廊道'!A:AF,7,0) -> #REF! | Q245: =VLOOKUP(A245,'[3]120.00m廊道'!A:AF,13,0) -> #REF! | R245: =VLOOKUP(A245,'[3]120.00m廊道'!A:AF,17,0) -> #REF! | S245: =VLOOKUP(A245,'[3]120.00m廊道'!A:AF,21,0) -> #REF! | T245: =VLOOKUP(A245,'[3]120.00m廊道'!A:AF,25,0) -> #REF! | U245: ='[3]120.00m廊道'!AE244 -> 0.53881429 | V245: =VLOOKUP(A245,'[3]120.00m廊道'!A:AF,32,0) -> #REF! | W245: =VLOOKUP(A245,'[3]88.00m廊道'!#REF!,3,0) -> #REF! | X245: =VLOOKUP(A245,'[3]88.00m廊道'!#REF!,7,0) -> #REF! | Y245: =VLOOKUP(A245,'[3]88.00m廊道'!#REF!,11,0) -> #REF! | Z245: =VLOOKUP(A245,'[3]88.00m廊道'!#REF!,15,0) -> #REF! | AA245: =VLOOKUP(A245,'[3]88.00m廊道'!#REF!,19,0) -> #REF! | AB245: =VLOOKUP(A245,'[3]88.00m廊道'!#REF!,20,0) -> #REF!
A246: ='[3]坝顶153.00m'!A244 -> #REF! | B246: =VLOOKUP(A246,[4]河水位!$B:$C,2,0) -> #REF! | C246: =VLOOKUP(A246,'[3]坝顶153.00m'!A:C,3,0) -> #REF! | D246: =VLOOKUP(A246,'[3]坝顶153.00m'!A:AV,7,0) -> #REF! | E246: =VLOOKUP(A246,'[3]坝顶153.00m'!A:AV,11,0) -> #REF! | F246: =VLOOKUP(A246,'[3]坝顶153.00m'!A:AV,17,0) -> #REF! | G246: =VLOOKUP(A246,'[3]坝顶153.00m'!A:AV,21,0) -> #REF! | H246: =VLOOKUP(A246,'[3]坝顶153.00m'!A:AV,25,0) -> #REF! | I246: =VLOOKUP(A246,'[3]坝顶153.00m'!A:AV,29,0) -> #REF! | J246: =VLOOKUP(A246,'[3]坝顶153.00m'!A:AV,33,0) -> #REF! | K246: =VLOOKUP(A246,'[3]坝顶153.00m'!A:AV,37,0) -> #REF! | L246: =VLOOKUP(A246,'[3]坝顶153.00m'!A:AV,43,0) -> #REF! | M246: =VLOOKUP(A246,'[3]坝顶153.00m'!A:AV,47,0) -> #REF! | N246: =VLOOKUP(A246,'[3]坝顶153.00m'!A:AV,48,0) -> #REF! | O246: =VLOOKUP(A246,'[3]120.00m廊道'!A:AF,3,0) -> #REF! | P246: =VLOOKUP(A246,'[3]120.00m廊道'!A:AF,7,0) -> #REF! | Q246: =VLOOKUP(A246,'[3]120.00m廊道'!A:AF,13,0) -> #REF! | R246: =VLOOKUP(A246,'[3]120.00m廊道'!A:AF,17,0) -> #REF! | S246: =VLOOKUP(A246,'[3]120.00m廊道'!A:AF,21,0) -> #REF! | T246: =VLOOKUP(A246,'[3]120.00m廊道'!A:AF,25,0) -> #REF! | U246: ='[3]120.00m廊道'!AE245 -> 0.2863203 | V246: =VLOOKUP(A246,'[3]120.00m廊道'!A:AF,32,0) -> #REF! | W246: =VLOOKUP(A246,'[3]88.00m廊道'!#REF!,3,0) -> #REF! | X246: =VLOOKUP(A246,'[3]88.00m廊道'!#REF!,7,0) -> #REF! | Y246: =VLOOKUP(A246,'[3]88.00m廊道'!#REF!,11,0) -> #REF! | Z246: =VLOOKUP(A246,'[3]88.00m廊道'!#REF!,15,0) -> #REF! | AA246: =VLOOKUP(A246,'[3]88.00m廊道'!#REF!,19,0) -> #REF! | AB246: =VLOOKUP(A246,'[3]88.00m廊道'!#REF!,20,0) -> #REF!
A247: 45082 | B247: 134.07 | C247: -0.21 | D247: -0.078886271 | E247: 0.50317342 | F247: 1.5533176 | G247: 2.2571413 | H247: -0.30039945 | I247: -0.71230108 | J247: -3.3803865 | K247: -5.0776201 | L247: -5.7247876 | M247: -3.3999757 | N247: -1.16 | O247: -0.65 | P247: 2.4909068 | Q247: 3.6595123 | R247: -1.353782 | S247: 1.3113545 | T247: 1.1512353 | U247: -0.29154859 | V247: -0.87 | W247: -1.73 | X247: -3.2548499 | Y247: -1.801114 | Z247: 1.563829 | AA247: 1.8738519 | AB247: -0.58
A248: 45089 | B248: 137.44 | C248: 0.2 | D248: 1.2996369 | E248: 2.5534813 | F248: 3.6799956 | G248: 4.4165533 | H248: 2.3054789 | I248: 2.0296472 | J248: -0.28426064 | K248: -1.7014108 | L248: -2.7983112 | M248: -1.7297944 | N248: -0.97 | O248: -0.65 | P248: 3.1333229 | Q248: 4.5105591 | R248: -0.41926091 | S248: 2.3663865 | T248: 2.2089461 | U248: 0.38147777 | V248: -0.12 | W248: -1.56 | X248: -2.1011325 | Y248: -0.55789162 | Z248: 2.4262405 | AA248: 2.4769923 | AB248: 0
A249: 45096 | B249: 137.27 | C249: 0.01 | D249: 0.91052112 | E249: 2.1748802 | F249: 3.4142937 | G249: 4.1551573 | H249: 1.8356072 | I249: 3.0944387 | J249: -0.96401074 | K249: -2.5023941 | L249: -3.4500099 | M249: -2.1836508 | N249: -0.98 | O249: -0.65 | P249: 3.1687971 | Q249: 4.5518353 | R249: -0.36911182 | S249: 2.2859305 | T249: 2.0667157 | U249: 0.25116618 | V249: -0.17 | W249: -1.71 | X249: -3.9350802 | Y249: -0.63656323 | Z249: 2.1153926 | AA249: 0.17937961 | AB249: -0.2
A250: 45104 | B250: 133.33 | C250: -0.26 | D250: 0.037529306 | E250: 0.69222617 | F250: 1.9161656 | G250: 2.6267096 | H250: 0.24594252 | I250: -0.13026068 | J250: -2.9351675 | K250: -4.7334371 | L250: -5.4807176 | M250: -3.1911053 | N250: -1.2 | O250: -0.72 | P250: 2.1647572 | Q250: 3.0657577 | R250: -1.1987804 | S250: 1.4049053 | T250: 1.1182652 | U250: -0.2729918 | V250: -0.63 | W250: -1.94 | X250: -4.1442682 | Y250: -1.093134 | Z250: -0.046926069 | AA250: -0.23136887 | AB250: -0.63
...

Sheet 静力水准
B2: 部位 | C2: 1号坝段 | D2: 2号坝段 | E2: 3号坝段 | F2: 4号坝段 | G2: 4号坝段 | H2: 5号坝段 | I2: 5号坝段 | J2: 5号坝段 | K2: 6号坝段 | L2: 7号坝段 | M2: 8号坝段 | N2: 9号坝段 | O2: 10号坝段 | P2: 3号坝段 | Q2: 4号坝段 | R2: 5号坝段 | S2: 6号坝段 | T2: 7号坝段
B3: 平面位置(m) | C3: 坝左0+201.000 | D3: 坝左0+150.000 | E3: 坝左0+090.000 | F3: 坝左0+037.500 | G3: 坝左0+022.500 | H3: 坝右0+022.000 | I3: 坝右0+023.000 | J3: 坝右0+037.500 | K3: 坝右0+090.000 | L3: 坝右0+150.000 | M3: 坝右0+210.000 | N3: 坝右0+270.000 | O3: 坝右0+323.000 | P3: 坝左0+109.700 | Q3: 坝左0+030.000 | R3: 坝右0+030.000 | S3: 坝右0+090.000 | T3: 坝右0+176.500
B4: 高程(m) | C4: 153 | P4: 88
B5: 埋设时间 | C5: 43222 | P5: 43225
B6: 仪器编号 | C6: TC1-1 | D6: TC1-2 | E6: TC1-3 | F6: TC1-4 | G6: TC1-5 | H6: TC1-6 | I6: TC1-6′ | J6: TC1-7 | K6: TC1-8 | L6: TC1-9 | M6: TC1-10 | N6: TC1-11 | O6: TC1-12 | P6: TC3-1 | Q6: TC3-2 | R6: TC3-3 | S6: TC3-4 | T6: TC3-5
B7: 观测时间 | C7: 位移mm | D7: 位移mm | E7: 位移mm | F7: 位移mm | G7: 位移mm | H7: 位移mm | I7: 位移mm | J7: 位移mm | K7: 位移mm | L7: 位移mm | M7: 位移mm | N7: 位移mm | O7: 位移mm | P7: 位移mm | Q7: 位移mm | R7: 位移mm | S7: 位移mm | T7: 位移mm
B8: 43256 | C8: 0 | D8: 0 | E8: 0 | F8: 0 | G8: 0 | H8: 0 | I8: 0 | J8: 0 | K8: 0 | L8: 0 | M8: 0 | N8: 0 | O8: 0 | P8: 0 | Q8: 0 | R8: 0 | S8: 0 | T8: 0
B9: 43258 | C9: 0 | D9: -0.340605 | E9: -0.3912408 | F9: -0.203454 | G9: 0.2501968 | H9: 0.2117168 | I9: 0.1956684 | J9: 0.138938 | K9: 0.4329808 | L9: 0.1902552 | M9: 0.2233318 | N9: 0.2019758 | O9: 0 | P9: 0 | Q9: -0.0743152 | R9: -0.3956082 | S9: -0.1254661 | T9: -0.0695168
B10: 43262 | C10: -0.16 | D10: 0.002215 | E10: -0.2276296 | F10: 0.2468792 | G10: 0.8349616 | H10: 0.9857 | I10: 0.3860684 | J10: 0.0627366 | K10: 0.327833 | L10: 0.5599786 | M10: -0.1380764 | N10: 0.480058 | O10: 0.01 | P10: -0.02 | Q10: -0.2943336 | R10: -0.6281951 | S10: 0.2704619 | T10: -0.1252168
B11: 43263 | C11: -0.21 | D11: -0.029067 | E11: -0.1364538 | F11: -0.138725 | G11: 0.511111 | H11: 0.6638678 | I11: 0.1237562 | J11: 0.1852004 | K11: 0.3511624 | L11: 0.4685656 | M11: -0.305573 | N11: -0.4848956 | O11: 0.01 | P11: 0.2 | Q11: -0.0412334 | R11: -0.2816689 | S11: 0.6611598 | T11: 0.2817586
B12: 43265 | C12: -0.15 | D12: 0.035434 | E12: 0.121062 | F12: -0.2257368 | G12: -0.0986872 | H12: 0.5311388 | I12: 0.1591866 | J12: 0.3571048 | K12: 0.2794624 | L12: 0.6843868 | M12: -0.408847 | N12: -0.3957766 | O12: 0.01 | P12: 0.2 | Q12: -0.140951 | R12: -0.2032285 | S12: 0.1934036 | T12: 0.4396474
B13: 43267 | C13: -0.2 | D13: -0.192589 | E13: 0.3928948 | F13: 0.1549152 | G13: 0.315834 | H13: 0.9628008 | I13: 0.2852854 | J13: 0.5320416 | K13: 0.3552648 | L13: 0.4835764 | M13: -0.4144838 | N13: -0.2567222 | O13: 0.04 | P13: 0.18 | Q13: -0.2494474 | R13: -0.1104969 | S13: -0.0096003 | T13: 0.5782854
B14: 43269 | C14: -0.19 | D14: 0.768608 | E14: 0.9579338 | F14: 0.7069262 | G14: 0.7680658 | H14: 0.3834974 | I14: 0.1158964 | J14: 0.7109136 | K14: 0.5794724 | L14: 0.0274088 | M14: -0.1974118 | N14: -0.6175616 | O14: 0.02 | P14: 0.3 | Q14: -0.0955712 | R14: 0.0144858 | S14: 0.168745 | T14: 0.6360672
B15: 43272 | C15: -0.18 | D15: 0.061333 | E15: 0.268317 | F15: 0.2877766 | G15: 0.2434142 | H15: 0.3724926 | I15: 0.2071248 | J15: 0.5227668 | K15: 0.5882712 | L15: -0.0530552 | M15: 0.5385232 | N15: 0.1065922 | O15: -0.02 | P15: 0.29 | Q15: -0.2162982 | R15: 0.1121888 | S15: 0.3248762 | T15: 0.5850378
B16: 43274 | C16: -0.13 | D16: -0.546845 | E16: 0.0543398 | F16: -0.149341 | G16: 0.3217382 | H16: 0.8702854 | I16: 0.5927016 | J16: 0.2630568 | K16: 0.488806 | L16: -0.4258308 | M16: 0.5795038 | N16: 0.4111812 | O16: -0.03 | P16: 0.31 | Q16: -0.0492934 | R16: 0.1557136 | S16: 0.1982911 | T16: 0.346641
B17: 43277 | C17: -0.16 | D17: -0.320203 | E17: 0.2493704 | F17: -0.105106 | G17: -0.036424 | H17: 0.2531296 | I17: 0.0392178 | J17: 0.317137 | K17: -0.4097659 | L17: -0.7304306 | M17: 0.1083412 | N17: -0.7485902 | O17: 0.01 | P17: 0.31 | Q17: 0.2035318 | R17: 0.3236653 | S17: 0.401599 | T17: 0.3817846
B18: 43279 | C18: -0.15 | D18: 0.067822 | E18: 0.3765972 | F18: 0.1766296 | G18: 0.4661488 | H18: 0.6642936 | I18: 0.9305352 | J18: 2.1118686 | K18: -0.9785698 | L18: -0.1220966 | M18: 0.2234458 | N18: -2.4196656 | O18: 0.04 | P18: 0.3 | Q18: 0.2709286 | R18: 0.4973541 | S18: -0.0987023 | T18: 0.5037334
B19: 43281 | C19: -0.13 | D19: 0.121662 | E19: 0.4260974 | F19: 0.4164438 | G19: 0.596681 | H19: 0.7818626 | I19: 0.3324526 | J19: -0.2574198 | K19: -0.2838937 | L19: -0.2728626 | M19: 0.1707304 | N19: -0.115664 | O19: 0.06 | P19: 0.32 | Q19: 0.3683254 | R19: 0.7010429 | S19: 0.1097081 | T19: 0.6556822
... B39: 43356 | C39: -0.13 | D39: -0.3609669 | E39: -3.4741819 | F39: 0.8916141 | G39: 0.1035097 | H39: 0.8770713 | I39: 1.7819718 | J39: 1.5833638 | K39: 0.7952647 | L39: 2.0730782 | M39: 0.967942 | N39: -8.1850349 | O39: 0.2 | P39: 0.45 | Q39: 1.9009548 | R39: 3.1213917 | S39: 0.4734873 | T39: 2.014099
B40: 43363 | C40: -0.18 | D40: -0.9007709 | E40: -4.3415969 | F40: -1.4167837 | G40: -1.0600609 | H40: -0.6550109 | I40: 1.6780384 | J40: 1.445599 | K40: -0.3360253 | L40: 2.1389294 | M40: 0.005368 | N40: -7.8736893 | O40: 0.08 | P40: 0.44 | Q40: 1.7480255 | T40: 1.4057386
B41: 43371 | C41: 0.03 | D41: -0.2941671 | E41: -3.6349061 | F41: 0.9267715 | G41: 0.0683455 | H41: 1.3058127 | I41: 1.9029708 | J41: 1.519619 | K41: 2.002944 | L41: 1.4569754 | M41: 1.9211152 | N41: -8.7406372 | O41: 0.08 | P41: 0.47 | Q41: 1.9261904 | T41: 1.2748526
B42: 43377 | C42: 0.01 | D42: -0.3134225 | E42: -3.5797407 | F42: 0.3274109 | G42: -0.0879151 | H42: 1.2029841 | I42: 1.8815168 | J42: 1.5985306 | K42: 0.7072509 | L42: 1.8382582 | M42: 1.01707 | N42: -8.6661097 | O42: 0.19 | P42: 0.46 | Q42: 1.7568943 | T42: 1.631099
B43: 43384 | C43: 0.08 | D43: -0.152281 | E43: -3.4949404 | F43: 1.0204312 | G43: 0.337294 | H43: 1.7489808 | I43: 1.8838742 | J43: 1.4578634 | K43: 1.769557 | L43: 1.440045 | M43: 1.6895624 | N43: -9.2538051 | O43: 0.15 | P43: 0.47 | Q43: 1.6965744 | T43: 1.5332926
B44: 43391 | C44: 0.08 | D44: -0.1762819 | E44: -3.4556357 | F44: 1.2523603 | G44: 0.7396495 | H44: 2.2349879 | I44: 2.0971218 | J44: 1.6103446 | K44: 1.249465 | L44: 1.4685222 | M44: 1.3067086 | N44: -9.1119151 | O44: 0.15 | P44: 0.48 | Q44: 1.6993989 | T44: 1.6407614
B45: 43398 | C45: 0 | D45: -0.4511347 | E45: -3.8492365 | F45: -0.1834993 | G45: -0.2630909 | H45: 1.2225823 | I45: 1.9491528 | J45: 1.6747566 | K45: 1.457276 | L45: 1.684865 | M45: 0.464918 | N45: -8.6889475 | O45: 0.17 | P45: 0.48 | Q45: 1.7682837 | T45: 1.4354862
B46: 43411 | C46: 0.2 | D46: -0.0846186 | E46: -3.5625252 | F46: 1.9455812 | G46: 1.7186984 | H46: 2.9180404 | I46: 2.7078768 | J46: 1.8446106 | K46: 3.1594713 | L46: 1.2891578 | M46: 2.275277 | N46: -9.7944737 | O46: 0.14 | P46: 0.49 | Q46: 1.7352307 | T46: 1.5444318
B47: 43418 | C47: 0.2 | D47: -0.1287004 | E47: -3.6780288 | F47: 1.2668916 | G47: 0.7916716 | H47: 2.2933892 | I47: 1.8780318 | J47: 1.411971 | K47: 2.7216143 | L47: 1.2197214 | M47: 1.4382684 | N47: -9.4652212 | O47: 0.15 | P47: 0.5 | Q47: 1.7165287 | T47: 1.4170894
B48: 43431 | C48: 0.2 | D48: 0.6223099 | E48: -2.8217107 | F48: 2.5291641 | G48: 2.2310885 | H48: 3.5857129 | I48: 2.4703628 | J48: 1.8091102 | K48: 4.2150954 | L48: 1.470045 | M48: 2.3093642 | N48: -9.6693397 | O48: 0.18 | P48: 0.49 | Q48: 1.6749565 | T48: 1.6153182
B49: 43440 | C49: 0.22 | D49: 0.0824299 | E49: -3.5080221 | F49: 1.8786759 | G49: 1.4915363 | H49: 2.9090951 | I49: 1.9111772 | J49: 1.0633514 | K49: 3.0666718 | L49: 0.9294698 | M49: 2.7590844 | N49: -9.7573792 | O49: 0.17 | P49: 0.5 | Q49: 1.5988505 | T49: 1.4909294
B50: 43449 | C50: 0.2 | D50: -0.2672525 | E50: -3.6486759 | F50: 2.5143777 | G50: 2.5837545 | H50: 3.4651973 | I50: 3.298856 | J50: 2.2753778 | K50: 2.9952271 | L50: 1.2836302 | M50: 3.0970676 | N50: -9.8387304 | O50: 0.1 | P50: 0.53 | Q50: 1.6288505 | T50: 1.6833774
B51: 43459 | C51: 0.22 | D51: 0.0854516 | E51: -3.2225124 | F51: 2.271576 | G51: 2.2855156 | H51: 3.4602964 | I51: 2.1424004 | J51: 0.9041938 | K51: 3.0481165 | L51: 0.8145058 | M51: 3.0468088 | N51: -9.7692043 | O51: 0.15 | Q51: 1.626026 | T51: 1.5847694
B52: 43470 | C52: 0.23 | D52: -0.0017774 | E52: -3.1915682 | F52: 2.2830254 | G52: 2.5755078 | H52: 3.8174698 | I52: 3.0034818 | J52: 1.7439726 | K52: 2.9981165 | L52: 1.5165078 | M52: 1.89399 | N52: -8.8960392 | O52: 0.18 | P52: 0.53 | Q52: 1.4652491 | R52: 3.1894061 | S52: 0.5415017 | T52: 1.6612254
B53: 43480 | C53: 0.18 | D53: -5.34e-05 | E53: -3.131757 | F53: 1.963733 | G53: 2.3664058 | H53: 3.5779774 | I53: 2.54036 | J53: 1.2030794 | K53: 4.059306 | L53: 1.2647094 | M53: 1.0499378 | N53: -9.523193 | O53: 0.23 | P53: 0.54 | Q53: 2.0380206 | R53: 3.7510326 | S53: 0.8690059 | T53: 2.2304178
B54: 43490 | C54: 0.19 | D54: -0.1478104 | E54: -3.1173264 | F54: 2.9134356 | G54: 2.859268 | H54: 3.9071644 | I54: 2.913692 | J54: 1.7400322 | K54: 4.6094985 | L54: 1.4121278 | M54: 3.8061576 | N54: -9.2290107 | O54: 0.29 | P54: 0.52 | Q54: 1.9242795 | R54: 3.6704929 | S54: 0.736621 | T54: 2.3185884
B55: 43500 | C55: 0.29 | D55: -0.141406 | E55: -2.9179144 | F55: 3.3701268 | G55: 3.4894256 | H55: 4.3750496 | I55: 2.2875616 | J55: 1.1753534 | K55: 4.0996496 | L55: 0.7556126 | M55: 3.2780798 | N55: -9.8459781 | O55: 0.32 | P55: 0.53 | Q55: 1.4271955 | R55: 3.1490663 | S55: 0.4011306 | T55: 1.8623056
B56: 43510 | C56: 0.27 | D56: 0.0113512 | E56: -2.7782158 | F56: 3.8474394 | G56: 3.9134822 | H56: 4.6340266 | I56: 2.7438166 | J56: 1.7709944 | K56: 3.5394455 | L56: 0.9473036 | M56: 3.4155712 | N56: -10.077811 | O56: 0.41 | P56: 0.51 | Q56: 0.6622277 | R56: 2.3857818 | S56: -0.2940284 | T56: 1.1896256
B57: 43521 | C57: 0.07 | D57: -0.3164707 | E57: -3.0020363 | F57: 3.5584873 | G57: 3.5811269 | H57: 4.3823825 | I57: 1.4991192 | J57: 0.4721586 | K57: 3.7803707 | L57: 0.1635986 | M57: 3.098091 | N57: -10.676009 | O57: 0.41 | P57: 0.42 | Q57: 0.4691205 | R57: 2.2087089 | S57: -0.1112617 | T57: 1.141554
B58: 43530 | C58: 0.01 | D58: -0.598981 | E58: -3.3112868 | F58: 2.9688896 | G58: 3.0026344 | H58: 3.9572056 | I58: 2.4941842 | J58: 1.2594316 | K58: 4.4309652 | L58: 1.2544856 | M58: 4.0535972 | N58: -9.5816119 | O58: 0.41 | P58: 0.55 | Q58: -0.3734006 | R58: 1.391713 | S58: -0.695692 | T58: 0.4704668
B59: 43539 | C59: 0.2 | D59: -0.5123646 | E59: -3.1736346 | F59: 3.0147986 | G59: 3.1250406 | H59: 4.1128346 | I59: 2.6977064 | J59: 1.459312 | K59: 5.0169856 | L59: 2.0570628 | M59: 4.5753008 | N59: -9.2827469 | O59: 0.48 | P59: 0.71 | Q59: -0.2789411 | R59: 1.4904881 | S59: -0.4636169 | T59: 0.7039642
B60: 43549 | C60: 0.35 | D60: -0.5532103 | E60: -3.2175621 | F60: 2.8286871 | G60: 3.2204043 | H60: 4.1881347 | I60: 2.6288844 | J60: 1.5568934 | K60: 2.8742198 | L60: 1.6565206 | M60: 2.9310874 | N60: -9.1445313 | O60: 0.52 | P60: 0.8 | Q60: -0.2305104 | R60: 1.5503369 | S60: -0.8961804 | T60: 0.7659048
B61: 43561 | C61: 0.5 | D61: -0.451212 | E61: -3.1386842 | F61: 2.8927522 | G61: 3.340073 | H61: 4.2648426 | I61: 3.0866902 | J61: 1.9246978 | K61: 4.1882962 | L61: 2.2787046 | M61: 3.756243 | N61: -8.5801061 | O61: 0.51 | P61: 0.83 | Q61: -0.2270201 | R61: 1.5670643 | S61: -0.8643269 | T61: 0.7769632
B62: 43572 | C62: 0.63 | D62: -0.5268843 | E62: -3.0396189 | F62: 3.6569535 | G62: 3.6702695 | H62: 4.0441103 | I62: 2.7072134 | J62: 1.8049624 | K62: 3.6751581 | L62: 1.3547344 | M62: 4.1829644 | N62: -9.7686687 | O62: 0.52 | P62: 0.87 | Q62: -0.1995719 | R62: 1.6000296 | S62: -0.788221 | T62: 0.9677036
B63: 43580 | C63: 0.68 | D63: -0.5990125 | E63: -3.3197017 | F63: 3.4321447 | G63: 3.6285803 | H63: 4.2138195 | I63: 2.413063 | J63: 1.5123624 | K63: 4.4503138 | L63: 1.1344432 | M63: 3.986762 | N63: -9.8353825 | O63: 0.52 | P63: 0.88 | Q63: -0.1745106 | R63: 1.5984664 | S63: -1.0116668 | T63: 0.883916
... B72: 43664 | C72: 0.77 | D72: -1.9315404 | E72: -5.0748128 | F72: 2.0925768 | G72: 2.7034016 | H72: 2.6945864 | I72: 10.632954 | J72: 8.7520664 | K72: 8.9999532 | L72: 7.7362768 | M72: 9.9467184 | N72: -2.9601729 | O72: 0.79 | P72: 0.98 | Q72: 0.3998688 | R72: 3.5551778 | S72: -2.7069568 | T72: 1.375438
B73: 43665 | I73: 10.632954 | J73: 8.7520664 | K73: 8.960964 | L73: 7.7362768 | M73: 9.9467184 | N73: -2.9601729 | O73: 0.79
B74: 43671 | C74: 0.8 | D74: -1.7383087 | E74: -5.0268855 | F74: 2.1094713 | G74: 2.1185937 | H74: 2.4584561 | I74: 10.879726 | J74: 9.1566364 | K74: 8.7832659 | L74: 7.5379544 | M74: 10.006375 | N74: -3.4391646 | O74: 0.83 | P74: 0.98 | Q74: -0.1047722 | R74: 3.0562772 | S74: -3.578196 | T74: 0.9075502
B75: 43678 | C75: 0.82 | D75: -1.7084103 | E75: -4.9249259 | F75: 2.0010577 | G75: 2.6147121 | H75: 2.9350021 | I75: 10.634912 | J75: 8.5785986 | K75: 8.2881632 | L75: 7.619479 | M75: 8.4486382 | N75: -3.0781059 | O75: 0.79 | P75: 1.02 | Q75: -0.0647722 | R75: 3.1445742 | S75: -3.538196 | T75: 0.8943854
B76: 43679 | P76: 1.02 | Q76: -0.162359 | R76: 3.0337752 | S76: -3.538196 | T76: 0.8131614
B77: 43682 | C77: 0.82 | D77: -1.6861163 | E77: -5.1198523 | F77: -0.0370983 | G77: 1.0902261 | H77: 1.9202413 | I77: 13.393537 | J77: 8.5985986 | K77: 10.906256 | L77: 11.355004 | M77: 11.238785 | N77: -0.6700972 | O77: 0.81 | P77: 0.8 | Q77: -0.5500474 | R77: 2.6216171 | S77: -3.8838636 | T77: 0.3067696
B78: 43685 | C78: 0.58 | D78: -2.1694746 | E78: -5.569688 | F78: 0.5122364 | G78: 1.7512048 | H78: 2.175616 | I78: 15.52982 | J78: 12.446105 | K78: 11.467406 | L78: 12.249144 | M78: 12.089125 | N78: 1.6461352 | O78: 0.71 | P78: 0.67 | Q78: -0.6911351 | R78: 2.4058312 | S78: -4.20199 | T78: -0.1169636
B79: 43687 | C79: 0.28 | D79: -2.9065897 | E79: -6.7554457 | F79: -1.8319781 | G79: 0.1739635 | H79: 1.2104203 | I79: 16.92293 | J79: 13.907096 | K79: 12.975696 | L79: 13.037138 | M79: 12.425344 | N79: 1.1523792 | O79: 0.58 | P79: 0.77 | Q79: -0.7083588 | R79: 2.3448683 | S79: -4.3484754 | T79: -0.621274
B80: 43689 | C80: 0.31 | D80: -2.4576704 | E80: -6.0202412 | F80: -0.7534932 | G80: 1.5000268 | H80: 1.784446 | I80: 16.399057 | J80: 13.994005 | K80: 12.995019 | L80: 12.860067 | M80: 12.736425 | N80: 2.0847507 | O80: 0.66 | P80: 0.77 | Q80: -0.6061819 | R80: 2.5192133 | S80: -4.2721224 | T80: -0.5552248
B81: 43692 | C81: 0.33 | D81: -2.1788516 | E81: -5.765419 | F81: 0.737315 | G81: 1.505285 | H81: 1.9406426 | I81: 14.596826 | J81: 12.600451 | K81: 12.072194 | L81: 11.08897 | M81: 11.582859 | N81: 0.5028082 | O81: 0.63 | P81: 0.78 | Q81: -0.6199169 | R81: 2.7139998 | S81: -4.2986864 | T81: -0.618337
B82: 43699 | C82: 0.34 | D82: -2.0590964 | E82: -5.632741 | F82: 0.9992186 | G82: 1.5566178 | H82: 2.0780374 | I82: 10.915862 | J82: 9.0267255 | K82: 8.9297459 | L82: 7.6138039 | M82: 8.4561305 | N82: -2.817725 | O82: 0.65 | P82: 0.77 | Q82: -0.5545345 | R82: 3.3498392 | S82: -4.254633 | T82: -0.6354642
B83: 43705 | C83: 0.28 | D83: -2.0979418 | E83: -5.6317552 | F83: 0.997012 | G83: 1.7615412 | H83: 2.2636104 | I83: 10.527595 | J83: 9.0197226 | K83: 7.5892901 | L83: 6.633275 | M83: 7.9366914 | N83: -4.1518078 | O83: 0.63 | P83: 0.77 | Q83: -0.6350118 | R83: 3.4779272 | S83: -4.366722 | T83: -0.8333766
B84: 43714 | C84: 0.27 | D84: -0.919638 | E84: -4.2926042 | F84: 1.517929 | G84: 3.1895454 | H84: 3.5369826 | I84: 11.622336 | J84: 10.000824 | K84: 7.5869652 | L84: 7.826258 | M84: 6.9225158 | N84: -3.0121231 | O84: 0.58 | P84: 0.77 | Q84: -0.9229186 | R84: 3.0692195 | S84: -4.6560402 | T84: -1.036939
B85: 43720 | C85: 0.29 | D85: -1.5479443 | E85: -5.1508195 | F85: 1.3529725 | G85: 2.1277189 | H85: 2.6253473 | I85: 6.692805 | J85: 4.9229398 | K85: 4.4918533 | L85: 3.0696154 | M85: 3.890535 | N85: -7.6379455 | O85: 0.63 | P85: 0.81 | Q85: -0.8069052 | R85: 3.1421799 | S85: -4.6407998 | T85: -0.9890842
B86: 43727 | C86: 0.27 | D86: -1.4866116 | E86: -4.8117936 | F86: 0.0576516 | G86: 1.685764 | H86: 2.7007396 | I86: 11.990537 | J86: 10.117636 | K86: 8.343988 | L86: 8.3574329 | M86: 7.4852579 | N86: -2.3354874 | O86: 0.58 | P86: 0.73 | Q86: -0.75817 | R86: 1.8880213 | S86: -4.6023394 | T86: -1.0283976
B87: 43734 | C87: 0.33 | D87: -1.5944866 | E87: -5.0618362 | F87: 1.5171358 | G87: 2.379457 | H87: 2.6824914 | I87: 4.8571115 | J87: 3.3462523 | K87: 2.628506 | L87: 0.9566619 | M87: 2.0445995 | N87: -9.9215966 | O87: 0.73 | P87: 0.72 | Q87: -0.6112683 | R87: 1.5415171 | S87: -4.4543186 | T87: -0.8123192
B88: 43741 | C88: 0.38 | D88: -1.0825373 | E88: -4.3412907 | F88: 2.3975661 | G88: 3.0402801 | H88: 3.4255705 | I88: 2.8952941 | J88: 1.5758969 | K88: 0.5909145 | L88: -0.8961543 | M88: 0.6022285 | N88: -11.861464 | O88: 0.78 | P88: 0.74 | Q88: -0.374992 | R88: 0.7474525 | S88: -4.3201872 | T88: -0.5832774
... B157: 44342 | C157: 1.03 | D157: -1.9349551 | E157: -5.2698089 | F157: 0.4569043 | G157: 1.9304999 | H157: 2.6360127 | I157: 9.6194439 | J157: 8.1364723 | K157: 5.9841594 | L157: 5.5676959 | M157: 6.4261759 | N157: -0.5439385 | O157: 1.02 | P157: 2.04 | Q157: 1.528233 | R157: 3.2317785 | S157: -2.3369602 | T157: 2.3074042
B158: 44349 | C158: 1.03 | D158: -2.040567 | E158: -5.150459 | F158: 1.5810098 | G158: 2.524873 | H158: 2.5622246
B159: 44351 | C159: 0.92 | D159: -1.9752952 | E159: -5.038153 | F159: 1.5999566 | G159: 2.6827774 | H159: 2.846515 | I159: 9.2526736 | J159: 7.751922 | K159: 6.2143183 | L159: 4.5862468 | M159: 6.5366884 | N159: -1.6828384 | O159: 0.98 | P159: 1.92 | Q159: 1.6725532 | R159: 3.3903399 | S159: -2.2185508 | T159: 2.3398212
B160: 44362 | C160: 0.69 | D160: -2.2631806 | E160: -5.5662436 | F160: 0.5670192 | G160: 1.9937972 | H160: 2.3403656 | I160: 13.712383 | J160: 12.266307 | K160: 9.6700407 | L160: 9.3425276 | M160: 9.3702898 | N160: 12.129049 | O160: 0.98 | P160: 1.73 | Q160: 1.0703179 | R160: 2.712026 | S160: -2.8795067 | T160: 1.5848571
B161: 44372 | C161: 0.6 | D161: -2.1164242 | E161: -5.285374 | F161: 1.7127968 | G161: 2.4944036 | H161: 2.5473172 | I161: 8.5914199 | J161: 7.3654103 | K161: 6.1564174 | L161: 4.4099887 | M161: 6.0632709 | N161: 5.8623975 | O161: 0.99 | P161: 1.7 | Q161: 1.0498776 | R161: 2.6742303 | S161: -2.9429684 | T161: 1.4831338
B162: 44383 | C162: 0.71 | D162: -2.1502356 | E162: -5.1665192 | F162: 1.4733536 | G162: 2.4179032 | H162: 2.7416552 | I162: 10.376629 | J162: 9.0889525 | K162: 7.4483179 | L162: 6.1888293 | M162: 7.4706763 | N162: 8.055455 | O162: 0.96 | P162: 1.72 | Q162: 1.2306726 | R162: 2.8467746 | S162: -2.6933281 | T162: 1.7961075
B163: 44393 | C163: 0.78 | D163: -1.7048664 | E163: -5.0224552 | F163: 0.68515 | G163: 1.8770856 | H163: 2.0008536 | I163: 10.237401 | J163: 8.8015416 | K163: 6.3366662 | L163: 6.0569608 | M163: 6.8215046 | N163: 9.8252294 | O163: 1.02 | P163: 1.92 | Q163: 1.3445617 | R163: 2.9376716 | S163: -2.6052471 | T163: 1.9610835
B164: 44404 | C164: 0.7 | D164: -2.1177804 | E164: -5.427881 | F164: 1.0134438 | G164: 2.6544142 | H164: 2.7768258 | I164: 14.179727 | J164: 13.009557 | K164: 10.2209 | L164: 9.7801677 | M164: 10.258744 | N164: 16.335434 | O164: 1.07 | P164: 1.83 | Q164: 1.1059904 | R164: 2.6966144 | S164: -2.8139973 | T164: 1.6564661
B165: 44408 | C165: 0.6 | D165: -2.8103378 | E165: -6.3759354 | F165: -0.6020386 | G165: 1.3561526 | H165: 1.6034734 | I165: 15.266433 | J165: 13.720022 | K165: 10.272955 | L165: 10.23489 | M165: 9.8959696 | N165: 17.380333 | O165: 0.81 | P165: 2.02 | Q165: 1.2025551 | R165: 2.6853636 | S165: -2.8854341 | T165: 1.2612045
B166: 44413 | C166: 0.58 | D166: -2.6278652 | E166: -6.1702734 | F166: 0.2387938 | G166: 1.598685 | H166: 1.7417362 | I166: 15.32545 | J166: 13.857128 | K166: 10.560789 | L166: 10.236094 | M166: 9.6721579 | N166: 16.226693 | O166: 0.78 | P166: 1.93 | Q166: 1.0996523 | R166: 2.5634507 | S166: -3.035395 | T166: 0.8732864
B167: 44420 | C167: 0.61 | D167: -2.1245936 | E167: -5.497395 | F167: 0.9964114 | G167: 2.2221898 | H167: 2.3337882 | I167: 8.7023459 | J167: 7.3549053 | K167: 5.7332562 | L167: 3.6536017 | M167: 4.8444321 | N167: 6.4782335 | O167: 0.85 | P167: 1.92 | Q167: 1.2416518 | R167: 2.680962 | S167: -2.9349897 | T167: 0.9221051
B168: 44426 | C168: 0.61 | D168: -2.2019626 | E168: -5.4533964 | F168: 0.9376792 | G168: 2.050908 | H168: 2.1673708 | I168: 8.682136 | J168: 7.3139896 | K168: 6.1493298 | L168: 3.6304324 | M168: 5.2795254 | N168: 6.9858127 | O168: 0.85 | P168: 1.92 | Q168: 1.317159 | R168: 2.7092939 | S168: -2.8349278 | T168: 1.1587086
B169: 44434 | C169: 0.6 | D169: -2.0853606 | E169: -5.098199 | F169: 1.4779838 | G169: 2.482617 | H169: 2.6939578 | I169: 9.693877 | J169: 8.2882606 | K169: 6.8765784 | L169: 5.019125 | M169: 6.4166668 | N169: 0.6687651 | O169: 0.8 | P169: 1.97 | Q169: 1.4231328 | R169: 2.8398169 | S169: -2.6686798 | T169: 1.5376158
B170: 44441 | C170: 0.6 | D170: -2.1717942 | E170: -5.1843796 | F170: 1.0589316 | G170: 2.37804 | H170: 2.6868788 | I170: 11.62549 | J170: 10.165293 | K170: 7.9380712 | L170: 7.086145 | M170: 7.259181 | N170: 14.326041 | O170: 0.96 | P170: 1.74 | Q170: 1.2231128 | R170: 2.645824 | S170: -2.8142687 | T170: 1.4964403
... B216: 44812 | C216: 0.6 | D216: -2.12 | E216: -5.9353154 | F216: 0.4741154 | G216: 1.856543 | H216: 1.8943802 | I216: 4.8620361 | J216: 3.7865307 | K216: 2.2031997 | L216: 0 | M216: 0 | N216: 0 | O216: 0.78 | P216: 2.09 | Q216: 1.636195 | R216: 2.7395056 | S216: -2.7873681 | T216: 1.2594071
B217: 44819 | C217: 0.62 | D217: -2.2624304 | E217: -5.9502814 | F217: 0.5567086 | G217: 2.0403586 | H217: 2.1341454 | P217: 2.11 | Q217: 1.6606623 | R217: 2.7725835 | S217: -2.7586192 | T217: 1.2024002
B218: 44826 | C218: 0.61 | D218: -2.3386064 | E218: -5.7879944 | F218: 0.6574228 | G218: 1.9816568 | H218: 2.1632296 | P218: 2.09 | Q218: 1.6825142 | R218: 2.7400358 | S218: -2.7452989 | T218: 1.2337801
B219: 44832 | C219: 0.62 | D219: -1.7761716 | E219: -5.2971946 | F219: 0.978507 | G219: 2.486985 | H219: 2.6789182 | P219: 2.11 | Q219: 1.6545619 | R219: 2.5691835 | S219: -2.8006682 | T219: 1.1910598
B220: 44839 | C220: 0.61 | D220: -2.1590708 | E220: -5.5387648 | F220: 0.062974 | G220: 2.1732572 | H220: 2.3978248 | P220: 2.11 | Q220: 1.6186484 | R220: 2.4819663 | S220: -2.7862584 | T220: 1.0936384
B221: 44846 | C221: 0.61 | D221: -2.1758236 | E221: -5.6212026 | F221: 0.0440394 | G221: 2.1452354 | H221: 2.4237002 | P221: 2.11 | Q221: 1.6372327 | R221: 2.1046139 | S221: -2.7083768 | T221: 1.0922564
B222: 44854 | C222: 0.62 | D222: -2.2352838 | E222: -5.6537468 | F222: 0.394804 | G222: 2.0345164 | H222: 2.2462572 | P222: 2.11 | Q222: 1.6139471 | R222: 2.1256151 | S222: -2.8110116 | T222: 1.1414174
B223: 44861 | C223: 0.62 | D223: -2.303813 | E223: -5.584392 | F223: 0.1824796 | G223: 2.0022972 | H223: 2.178024 | P223: 2.09 | Q223: 1.5508221 | R223: 2.0869417 | S223: -2.845482 | T223: 1.0092754
B224: 44869 | C224: 0.61 | D224: -2.090858 | E224: -5.511417 | F224: 0.9616054 | G224: 2.1684226 | H224: 2.2788506 | P224: 2.11 | Q224: 1.6197235 | R224: 2.2657053 | S224: -2.7879034 | T224: 1.1915812
B225: 44875 | C225: 0.63 | D225: -2.2921286 | E225: -5.3538876 | F225: 0.832616 | G225: 1.9896668 | H225: 2.1523832 | P225: 2.11 | Q225: 1.5968159 | R225: 2.2371976 | S225: -2.8239481 | T225: 1.1752653
B226: 44881 | C226: 0.62 | D226: -2.403367 | E226: -5.387132 | F226: 0.8517364 | G226: 2.0414088 | H226: 2.1967304 | P226: 2.11 | Q226: 1.5914175 | R226: 2.2433715 | S226: -2.8035542 | T226: 1.248655
B227: 44891 | C227: 0.61 | D227: -2.2730202 | E227: -5.2015012 | F227: 0.6667856 | G227: 1.9678744 | H227: 2.3618012 | P227: 2.11 | Q227: 1.6093587 | R227: 2.3114985 | S227: -2.7396582 | T227: 1.2875806
B228: 44902 | C228: 0.64 | D228: -2.2024494 | E228: -5.2519394 | F228: 0.9174638 | G228: 2.1974694 | H228: 2.3714338 | P228: 2.08 | Q228: 1.6845399 | R228: 2.4340258 | S228: -2.6531779 | T228: 1.5091491
... B243: 45052 | C243: 0.65 | D243: -2.0841742 | E243: -4.8587302 | F243: 1.894469 | G243: 2.551571 | H243: 2.7652854 | P243: 1.92 | Q243: 1.8103113 | R243: 2.6868607 | S243: -2.573838 | T243: 1.803171
B244: 45062 | C244: 0.64 | D244: -2.4587234 | E244: -4.9619644 | F244: 1.6972856 | G244: 1.8782232 | H244: 2.6825488 | I244: =VLOOKUP(B244,'[6]TC1-6’'!A:E,4,0) -> #REF! | J244: =VLOOKUP(B244,'[6]TC1-7'!A:E,4,0) -> #REF! | K244: =VLOOKUP(B244,'[6]TC1-8'!A:E,4,0) -> #REF! | L244: =VLOOKUP(B244,'[6]TC1-9'!A:E,4,0) -> #REF! | M244: =VLOOKUP(B244,'[6]TC1-10'!A:E,4,0) -> #REF! | N244: =VLOOKUP(B244,'[6]TC1-11'!A:E,4,0) -> #REF! | O244: =VLOOKUP(B244,'[6]TC1-12'!A:F,6,0) -> #REF! | P244: 2 | Q244: 1.8846789 | R244: 2.8027303 | S244: -2.4663604 | T244: 1.8564464
B245: 45071 | C245: 0.67 | D245: -2.4490768 | E245: -5.2481868 | F245: 1.5717016 | G245: 2.2022392 | H245: 2.498858 | I245: =VLOOKUP(B245,'[6]TC1-6’'!A:E,4,0) -> 1.05 | J245: =VLOOKUP(B245,'[6]TC1-7'!A:E,4,0) -> 1.05 | K245: =VLOOKUP(B245,'[6]TC1-8'!A:E,4,0) -> 1.05 | L245: =VLOOKUP(B245,'[6]TC1-9'!A:E,4,0) -> 1.05 | M245: =VLOOKUP(B245,'[6]TC1-10'!A:E,4,0) -> 1.05 | N245: =VLOOKUP(B245,'[6]TC1-11'!A:E,4,0) -> 1.05 | O245: =VLOOKUP(B245,'[6]TC1-12'!A:F,6,0) -> 1.05 | P245: 2.2 | Q245: 2.0882151 | R245: 3.04935 | S245: -2.2270257 | T245: 2.2785663
B246: 45082 | C246: 0.77 | D246: -2.6982454 | E246: -5.3936674 | F246: 1.4985718 | G246: 2.050605 | H246: 2.2919142 | I246: =VLOOKUP(B246,'[6]TC1-6’'!A:E,4,0) -> 1.2712053 | J246: =VLOOKUP(B246,'[6]TC1-7'!A:E,4,0) -> 1.2195331 | K246: =VLOOKUP(B246,'[6]TC1-8'!A:E,4,0) -> 0.7623918 | L246: =VLOOKUP(B246,'[6]TC1-9'!A:E,4,0) -> 0.7356999 | M246: =VLOOKUP(B246,'[6]TC1-10'!A:E,4,0) -> 1.0088785 | N246: =VLOOKUP(B246,'[6]TC1-11'!A:E,4,0) -> 1.1290355 | O246: =VLOOKUP(B246,'[6]TC1-12'!A:F,6,0) -> 1.06 | P246: 2.29 | Q246: 2.1805682 | R246: 3.2134581 | S246: -2.0831196 | T246: 2.4323368
B247: 45089 | C247: 0.71 | D247: -1.7975728 | E247: -4.7250828 | F247: 1.2352964 | G247: 2.9399288 | H247: 3.2326564 | I247: 1.4958254 | J247: 0.8325974 | K247: 0.6881706 | L247: 0.7673342 | M247: 0.8214514 | N247: 0.7038554 | O247: 0.98 | P247: 2.28 | Q247: 2.0174429 | R247: 3.539561 | S247: -2.2158681 | T247: 2.3023235
B248: 45096 | C248: 0.61 | D248: -2.6602142 | E248: -5.5346322 | F248: 1.3214734 | G248: 1.9515622 | H248: 2.164103 | I248: 1.4949691 | J248: 1.6884539 | K248: 0.8525277 | L248: 0.6554275 | M248: 0.9304033 | N248: 1.1721414 | O248: 1.01 | P248: 2.29 | Q248: 2.1120778 | R248: 3.1006682 | S248: -2.1625983 | T248: 2.4408525
B249: 45104 | C249: 0.77 | D249: -2.198647 | E249: -5.005547 | F249: 1.2738346 | G249: 2.7284098 | H249: 3.0503154 | I249: 1.9026317 | J249: 1.8011347 | K249: 1.2164792 | L249: 0.9285351 | M249: 1.2145487 | N249: 1.4378789 | O249: 1.02 | P249: 2.29 | Q249: 2.1723389 | R249: 3.1388331 | S249: -2.1127384 | T249: 2.5467866
B250: 45111 | C250: 0.86 | D250: -2.0798492 | E250: -5.0002762 | F250: 1.334271 | G250: 2.7388422 | H250: 3.0468286 | I250: 1.7335986 | J250: 1.6131336 | K250: 1.0284424 | L250: 0.9593772 | M250: 1.1403668 | N250: 1.2526541 | O250: 1.04 | P250: 2.39 | Q250: 2.2654154 | R250: 2.6660603 | S250: -1.993838 | T250: 2.6435012
B251: 45117 | C251: 0.86 | D251: -2.238894 | E251: -5.191212 | F251: 0.807508 | G251: 2.3945212 | H251: 2.7797328 | I251: 1.7634536 | J251: 1.4486694 | K251: 1.1284654 | L251: 0.980709 | M251: 1.1045126 | N251: 1.2699936 | O251: 1.01 | P251: 2.39 | Q251: 2.2133378 | R251: 2.4073468 | S251: -2.0056143 | T251: 2.6278015
B252: 45124 | C252: 0.77 | D252: -2.3391948 | E252: -5.4971288 | F252: 0.4576488 | G252: 1.9761492 | H252: 2.4005964 | I252: 1.8963402 | J252: 1.339235 | K252: 1.101129 | L252: 0.9313554 | M252: 1.1946198 | N252: 1.6851217 | O252: 1 | P252: 2.34 | Q252: 2.1816881 | R252: 2.1993079 | S252: -2.08176 | T252: 2.4423388
B253: 45132 | C253: 0.6 | D253: -2.2600158 | E253: -5.8017318 | F253: -0.211271 | G253: 1.799473 | H253: 2.2190002 | I253: 1.0576498 | J253: 0.3089486 | K253: 0.0149634 | L253: -0.3194938 | M253: -0.345617 | N253: 0.4059084 | O253: 0.85 | P253: 2.32 | Q253: 2.0054815 | R253: 1.846389 | S253: -2.4157407 | T253: 1.7513443
B254: 45139 | C254: 0.62 | D254: -2.0114248 | E254: -5.6897178 | F254: 0.4303494 | G254: 2.2944722 | H254: 2.5140878 | I254: 0.812199 | J254: 0.276785 | K254: -0.1314029 | L254: -0.655877 | M254: -0.8389834 | N254: 0.0089645 | O254: 0.89 | P254: 2.32 | Q254: 1.882508 | R254: 1.5963499 | S254: -2.5678112 | T254: 1.4661486
B255: 45146 | C255: 0.63 | D255: -1.8790796 | E255: -5.5478696 | F255: 0.7456468 | G255: 2.273122 | H255: 2.4627188 | I255: 0.9731758 | J255: 0.7838448 | K255: 0.3440163 | L255: -0.304766 | M255: -0.4265196 | N255: 0.4510009 | O255: 0.88 | P255: 2.32 | Q255: 1.9343516 | R255: 1.6078157 | S255: -2.5215342 | T255: 1.4880636
...

Sheet 水位
A1: 观测时间 | B1: 河水位
B2: 上游 | C2: 下游
A3: 40369 | B3: 51.4
A4: 40379 | B4: 51.5
A5: 40389 | B5: 52.5
A6: 40400 | B6: 55
A7: 40410 | B7: 51.3
A8: 40420 | B8: 52
A9: 40431 | B9: 51.4
A10: 40441 | B10: 51.3
A11: 40451 | B11: 51.5
A12: 40461 | B12: 52.6 | C12: 48.4
A13: 40468.333 | B13: 53 | C13: 48
A14: 40471.333 | B14: 52.5 | C14: 48.2
A15: 40475.333 | B15: 52.3 | C15: 48
A16: 40482.333 | B16: 51.4 | C16: 47.6
A17: 40489.333 | B17: 51.2 | C17: 47.6
A18: 40492.333 | B18: 51.2 | C18: 47.6
A19: 40496.333 | B19: 51 | C19: 47.8
A20: 40502.333 | B20: 51.1 | C20: 47.6
A21: 40509.333 | B21: ＜51.0 | C21: 48
A22: 40513.333 | B22: 51.2 | C22: 47.7
A23: 40516.333 | B23: ＜51.0 | C23: 47.5
A24: 40522.333 | B24: ＜51.0 | C24: 47.4
A25: 40523.333 | B25: ＜51.0 | C25: 46.5
A26: 40530.333 | B26: ＜51.0 | C26: 46.4
A27: 40532.333 | B27: ＜51.0 | C27: 46.2
A28: 40537.333 | B28: ＜51.0 | C28: 46
A29: 40542.333 | B29: ＜51.0 | C29: 46
A30: 40545.333 | B30: ＜51.0 | C30: 46
A31: 40553.333 | B31: ＜51.0 | C31: 46
A32: 40559.333 | B32: ＜51.0 | C32: 46
A33: 40564.333 | B33: ＜51.0 | C33: 45.8
A34: 40570.333 | B34: ＜51.0 | C34: 45.8
... A40: 40612.333 | B40: ＜51.0 | C40: 45.6
A41: 40622.333 | B41: ＜51.0
A42: 40634.333 | B42: 50.8 | C42: 低于标尺水位,无法读数
A43: 40635.333 | B43: 51.8 | C43: 低于标尺水位,无法读数
A44: 40636.333 | B44: 53.3 | C44: 低于标尺水位,无法读数
A45: 40637.333 | B45: 55.1 | C45: 低于标尺水位,无法读数
A46: 40638.333 | B46: 56 | C46: 低于标尺水位,无法读数
A47: 40639.333 | B47: 56.7 | C47: 低于标尺水位,无法读数
A48: 40640.333 | B48: 57.1 | C48: 低于标尺水位,无法读数
A49: 40641.333 | B49: 57.8 | C49: 低于标尺水位,无法读数
A50: 40642.333 | B50: 58.4 | C50: 低于标尺水位,无法读数
A51: 40643.333 | B51: 58.9 | C51: 低于标尺水位,无法读数
A52: 40644.333 | B52: 59.4 | C52: 低于标尺水位,无法读数
A53: 40645.333 | B53: 59.85 | C53: 低于标尺水位,无法读数
... A175: 40767.333 | B175: 136.45 | C175: 标尺被杂物遮挡,无法观测
A176: 40768.333 | B176: 136.4 | C176: 49.7
A177: 40769.333 | B177: 136.2 | C177: 49.7
A178: 40770.333 | B178: 136.1 | C178: 49.6
A179: 40771.333 | B179: 136.45 | C179: 50
A180: 40772.333 | B180: 136.25 | C180: 49.7
A181: 40773.333 | B181: 136.1 | C181: 49.7
A182: 40774.333 | B182: 135.85 | C182: 49.5
A183: 40775.333 | B183: 136 | C183: 49.5
A184: 40776.333 | B184: 135.9 | C184: 49.5
A185: 40777.333 | B185: 135.85 | C185: 49.5
A186: 40778.333 | B186: 135.9 | C186: 49.6
A187: 40779.333 | B187: 136.5 | C187: ＞50.0
A188: 40780.333 | B188: 136.45 | C188: ＞50.0
A189: 40781.333 | B189: 136.5 | C189: ＞50.0
A190: 40782.333 | B190: 137.25 | C190: ＞50.0
A191: 40783.333 | B191: 138 | C191: ＞50.0
A192: 40784.333 | B192: 138.8 | C192: ＞50.0
A193: 40785.333 | B193: 139 | C193: ＞50.0
A194: 40786.333 | B194: 138.2 | C194: ＞50.0
A195: 40787.333 | B195: 137.9 | C195: ＞50.0
A196: 40788.333 | B196: 137.4 | C196: ＞50.0
A197: 40789.333 | B197: 137 | C197: ＞50.0
A198: 40790.333 | B198: 136.7 | C198: ＞50.0
... A236: 40824.333 | B236: 136.6 | C236: ＞50.0
A237: 40824.583 | B237: 136.7 | C237: 48.5
A238: 40825.333 | B238: 137 | C238: 48
A239: 40825.583 | B239: 137.1 | C239: 48
A240: 40826.333 | B240: 137.3 | C240: 47.5
A241: 40826.583 | B241: 137.4 | C241: 47.4
A242: 40827.333 | B242: 137.75 | C242: 46.8
A243: 40827.583 | B243: 137.8 | C243: 46.8
A244: 40828.333 | B244: 137.9 | C244: 46.7
A245: 40828.583 | B245: 137.95 | C245: 46.7
A246: 40829.333 | B246: 138.2 | C246: 46.7
A247: 40829.583 | B247: 138.25 | C247: 46.7
A248: 40830.333 | B248: 138.75 | C248: 46.7
... A252: 40832.333 | B252: 139.55 | C252: 46.6
A253: 40833.333 | B253: 139.7 | C253: ＜46.0
A254: 40834.333 | B254: 140 | C254: ＜46.0
A255: 40835.333 | B255: 140.1 | C255: ＜46.0
A256: 40836.333 | B256: 140.2 | C256: ＜46.0
A257: 40837.333 | B257: 140.53 | C257: ＜46.0
A258: 40838.333 | B258: 140.6 | C258: ＜45.0
A259: 40839.333 | B259: 140.85 | C259: ＜45.0
A260: 40840.333 | B260: 141 | C260: ＜45.0
A261: 40841.333 | B261: 141.1 | C261: ＜45.0
A262: 40842.333 | B262: 141.2 | C262: ＜45.0
A263: 40843.333 | B263: 141.5 | C263: ＜45.0
A264: 40844.333 | B264: 141.7 | C264: ＜45.0
... A537: 41122.333 | B537: 145.55 | C537: ＜45.0
A538: 41123.333 | B538: 147.41 | C538: 45
...

Sheet 倒垂线
B1: 部位 | C1: 库水位（米） | D1: 1号坝段 | F1: 2号坝段 | H1: 3号坝段 | J1: 4号坝段 | L1: 5号坝段 | N1: 6号坝段 | P1: 7号坝段 | R1: 9号坝段 | T1: 10号坝段
B2: 平面位置(m) | D2: 坝上0+000.900 坝左0+199.600 | F2: 坝下0+007.600 坝左0+161.800 | H2: 坝下0+011.200 坝左0+109.600 | J2: 坝下0+004.700 坝左0+046.000 | L2: 坝下0+003.500坝右0+008.300 | N2: 坝下0+002.000坝右0+092.000 | P2: 坝下0+012.500 坝右0+177.650 | R2: 坝下0+006.500 坝右0+257.000 | T2: 坝上0+001.500 坝右0+323.000
B3: 高程(m) | D3: 153 | F3: 120 | H3: 88 | J3: 43 | L3: 43 | N3: 60 | P3: 88 | R3: 120 | T3: 153
B4: 埋设时间 | D4: 40894 | F4: 40628 | H4: 40628 | J4: 43233 | L4: 41834 | N4: 41844 | P4: 40628 | R4: 40628 | T4: 40894
B5: 仪器编号 | D5: IP1 | F5: IP3 | H5: IP5 | J5: IP9 | L5: IP7 | N5: IP8 | P5: IP6 | R5: IP4 | T5: IP2
B6: 观测时间 | D6: 左右岸CH1 | E6: 上下游CH2 | F6: 左右岸CH1 | G6: 上下游CH2 | H6: 左右岸CH1 | I6: 上下游CH2 | J6: 左右岸CH1 | K6: 上下游CH2 | L6: 左右岸CH1 | M6: 上下游CH2 | N6: 左右岸CH1 | O6: 上下游CH2 | P6: 左右岸CH1 | Q6: 上下游CH2 | R6: 左右岸CH1 | S6: 上下游CH2 | T6: 左右岸CH1 | U6: 上下游CH2
B7: 40631.833 | F7: 0 | G7: 0 | H7: 0 | I7: 0 | P7: 0 | Q7: 0 | R7: 0 | S7: 0
B8: 40643.333 | F8: 0.25 | G8: -0.01 | H8: -0.04 | I8: -0.14 | P8: 0.03 | Q8: -0.59 | R8: -0.55 | S8: 4.04
B9: 40650.333 | F9: -0.24 | G9: -0.08 | H9: -0.13 | I9: -0.17 | P9: 0.09 | Q9: -0.63 | R9: -0.47 | S9: 3.64
B10: 40651.333 | F10: -0.23 | G10: -0.09 | H10: -0.07 | I10: -0.22 | P10: 0.08 | Q10: -0.65 | R10: -0.45 | S10: 2.46
B11: 40657.333 | F11: -0.3 | G11: -0.01 | H11: -0.11 | I11: -0.19 | P11: 0.08 | Q11: -0.56 | R11: -0.76 | S11: -0.44
B12: 40658.333 | F12: -0.28 | G12: 0.03 | H12: -0.05 | I12: -0.34 | P12: 0.06 | Q12: -0.72 | R12: -0.7 | S12: -0.5
B13: 40664.333 | F13: 0.35 | G13: 0.12 | H13: -0.12 | I13: -0.24 | P13: 0.01 | Q13: -0.64 | R13: -0.44 | S13: 0.21
B14: 40671.333 | F14: 0.39 | G14: -0.69 | H14: -0.15 | I14: -0.23 | P14: 0.05 | Q14: -0.71 | R14: -0.15 | S14: 3.69
B15: 40679.333 | F15: 0.21 | G15: -1.02 | H15: -0.2 | I15: -0.3 | P15: 0.13 | Q15: -0.7 | R15: 0.56 | S15: 0.48
B16: 40685.333 | F16: 0.19 | G16: -0.95 | H16: -0.22 | I16: -0.35 | P16: 0.32 | Q16: -0.47 | R16: 0.56 | S16: 0.48
B17: 40689.333 | F17: 0.16 | G17: -0.65 | H17: -0.23 | I17: -0.37 | P17: 0.32 | Q17: -0.47 | R17: 2.07 | S17: -0.58
B18: 40696.333 | F18: 0.1 | G18: -0.87 | H18: -0.41 | I18: -0.01 | P18: 0.39 | Q18: 0.19 | R18: 0.5 | S18: -0.23
... B44: 40735.333 | F44: -1.62 | G44: 2.8 | H44: -0.22 | I44: 4.11 | P44: 0.19 | Q44: 3.07 | R44: 1.47 | S44: 8.04
B45: 40743.333 | F45: -1.7 | G45: 3.26 | H45: -0.32 | I45: 4.43 | R45: 1.53 | S45: 8.97
B46: 40744.333 | F46: -1.69 | G46: 3.27 | H46: -0.33 | I46: 4.46 | P46: -0.46 | Q46: 2.82 | R46: 1.59 | S46: 8.91
B47: 40750.333 | F47: -1.8 | G47: 3.47 | H47: -0.43 | I47: 4.53 | P47: -1.12 | Q47: 3.71 | R47: 1.63 | S47: 9.29
B48: 40754.333 | F48: -1.91 | G48: 4.26 | H48: -0.41 | I48: 5.3 | P48: -1.17 | Q48: 4.16 | R48: 1.82 | S48: 10.86
B49: 40755.333 | F49: -1.95 | G49: 4.47 | H49: -0.38 | I49: 5.39 | P49: -1.27 | Q49: 4.4 | R49: 1.81 | S49: 11.97
B50: 40755.583 | F50: -1.95 | G50: 4.47 | H50: -0.38 | I50: 5.39 | P50: -1.27 | Q50: 4.4 | R50: 1.81 | S50: 11.97
B51: 40756.333 | F51: -1.96 | G51: 4.43 | H51: -0.42 | I51: 5.4 | P51: -1.6 | Q51: 4.68 | R51: 1.86 | S51: 12
B52: 40756.583 | F52: -1.96 | G52: 4.43 | H52: -0.42 | I52: 5.4 | P52: -1.6 | Q52: 4.68 | R52: 1.86 | S52: 12
B53: 40757.333 | F53: -1.95 | G53: 4.31 | H53: -0.43 | I53: 5.32 | P53: -1.64 | Q53: 4.78 | R53: 1.8 | S53: 11.78
B54: 40758.333 | F54: -1.93 | G54: 4.21 | H54: -0.43 | I54: 5.2 | P54: -1.76 | Q54: 4.8 | R54: 1.9 | S54: 11.47
B55: 40759.333 | F55: -1.94 | G55: 4.16 | H55: -0.43 | I55: 5.2 | P55: -1.73 | Q55: 4.74 | R55: 1.79 | S55: 11.51
B56: 40760.333 | F56: -1.9 | G56: 4.16 | H56: -0.41 | I56: 5.15 | P56: -1.76 | Q56: 4.7 | R56: 1.78 | S56: 11.4
B57: 40761.333 | F57: -1.91 | G57: 4.11 | H57: -0.44 | I57: 5.15 | P57: -1.89 | Q57: 4.92 | R57: 1.71 | S57: 11.29
... B204: 40896.333 | F204: -2.84 | G204: 7.99 | H204: -0.62 | I204: 8.58 | P204: 0.74 | Q204: 15.21 | R204: 3.6 | S204: 20.55
B205: 40897.333 | D205: 0 | E205: 0 | F205: -2.83 | G205: 7.97 | H205: -0.59 | I205: 8.61 | P205: 0.75 | Q205: 15.26 | R205: 3.6 | S205: 20.6 | T205: 0 | U205: 0
B206: 40898.333 | D206: 0 | E206: -0.03 | F206: -2.82 | G206: 7.99 | H206: -0.62 | I206: 8.62 | P206: 0.68 | Q206: 15.27 | R206: 3.52 | S206: 20.6 | T206: -0.01 | U206: 0.01
B207: 40899.333 | D207: 0.02 | E207: -0.08 | F207: -2.81 | G207: 7.94 | H207: -0.62 | I207: 8.53 | P207: 0.73 | Q207: 15.56 | R207: 3.53 | S207: 20.56 | T207: -0.03 | U207: 0
B208: 40900.333 | D208: 0.08 | E208: -0.04 | F208: -2.82 | G208: 7.99 | H208: -0.58 | I208: 8.5 | P208: 0.96 | Q208: 15.68 | R208: 3.55 | S208: 20.58 | T208: -0.03 | U208: -0.03
B209: 40901.333 | D209: 0.07 | E209: -0.04 | F209: -2.62 | G209: 7.78 | H209: -0.58 | I209: 8.5 | P209: 0.89 | Q209: 15.52 | R209: 3.45 | S209: 20.65 | T209: -0.03 | U209: -0.02
B210: 40902.333 | D210: 0.18 | E210: -0.05 | F210: -2.61 | G210: 7.79 | H210: -0.6 | I210: 8.55 | P210: 0.99 | Q210: 15.44 | R210: 3.46 | S210: 20.63 | T210: -0.04 | U210: -0.02
B211: 40903.333 | D211: 0.19 | E211: -0.13 | F211: -2.63 | G211: 7.86 | H211: -0.61 | I211: 8.43 | P211: 0.95 | Q211: 15.49 | R211: 3.48 | S211: 20.7 | T211: -0.04 | U211: -0.03
B212: 40904.333 | D212: 0.26 | E212: -0.03 | F212: -2.6 | G212: 7.82 | H212: -0.59 | I212: 8.49 | P212: 1.03 | Q212: 15.49 | R212: 3.47 | S212: 20.65 | T212: 0.01 | U212: 0
B213: 40905.333 | D213: 0.61 | E213: 0.07 | F213: -2.6 | G213: 7.79 | H213: -0.58 | I213: 8.48 | P213: 1.1 | Q213: 15.72 | R213: 3.51 | S213: 20.63 | T213: -0.01 | U213: -0.03
B214: 40906.333 | D214: 0.15 | E214: -0.04 | F214: -2.61 | G214: 7.82 | H214: -0.57 | I214: 8.5 | P214: 1.16 | Q214: 15.72 | R214: 3.56 | S214: 20.58 | T214: -0.02 | U214: -0.06
B215: 40907.333 | D215: 0.26 | E215: -0.2 | F215: -2.58 | G215: 7.75 | H215: -0.56 | I215: 8.46 | P215: 1.14 | Q215: 15.84 | R215: 3.63 | S215: 20.54 | T215: 0.01 | U215: -0.05
B216: 40908.333 | D216: 0.27 | E216: -0.12 | F216: -2.55 | G216: 7.79 | H216: -0.56 | I216: 8.44 | P216: 1.08 | Q216: 16.05 | R216: 3.54 | S216: 20.65 | T216: -0.01 | U216: -0.06
... B637: 41702.333 | D637: -0.7 | E637: 2.62 | F637: -6.88 | G637: 14.01 | H637: 0.16 | I637: 10.02 | P637: 3.46 | Q637: 27.34 | R637: 7.18 | S637: 32.8 | T637: 1.44 | U637: 0.61
B638: 41703.333 | P638: 3.46 | Q638: 27.34 | R638: 7.18 | S638: 32.8
B639: 41704.333 | P639: 3.48 | Q639: 27.12 | R639: 7.18 | S639: 32.82
B640: 41709.333 | D640: -0.62 | E640: 2.57 | F640: -6.68 | G640: 13.9 | H640: 0.12 | I640: 9.95 | P640: 3.43 | Q640: 26.98 | R640: 7.53 | S640: 32.66 | T640: 1.34 | U640: 0.64
B641: 41716.333 | D641: -0.39 | E641: 2.43 | F641: -6.65 | G641: 13.77 | H641: 0.16 | I641: 9.82 | P641: 3.44 | Q641: 26.91 | R641: 7.55 | S641: 32.35 | T641: 1.18 | U641: 0.41
B642: 41723.333 | D642: -0.24 | E642: 2.31 | F642: -6.56 | G642: 13.5 | H642: 0.14 | I642: 9.66 | P642: 3.4 | Q642: 26.51 | R642: 7.57 | S642: 31.77 | T642: 1.05 | U642: 0.19
B643: 41730.333 | D643: 0.02 | E643: 2.14 | F643: -6.56 | G643: 13.27 | H643: 0.16 | I643: 9.44 | P643: 3.4 | Q643: 26.15 | R643: 7.13 | S643: 31.55 | T643: 0.88 | U643: -0.08
B644: 41737.333 | D644: 0.07 | E644: 1.96 | F644: -6.47 | G644: 13.09 | H644: 0.15 | I644: 9.2 | P644: 3.43 | Q644: 25.94 | R644: 7.58 | S644: 30.73 | T644: 0.76 | U644: -0.31
B645: 41744.333 | D645: 0.08 | E645: 1.86 | F645: -6.43 | G645: 13.06 | H645: 0.16 | I645: 9.26 | P645: 3.28 | Q645: 25.76 | R645: 7.33 | S645: 30.4 | T645: 0.77 | U645: -0.42
B646: 41751.333 | D646: 0.23 | E646: 1.91 | F646: -6.4 | G646: 13.02 | H646: 0.18 | I646: 9.25 | P646: 3.27 | Q646: 25.71 | R646: 7.12 | S646: 30.3 | T646: 0.69 | U646: -0.37
B647: 41758.333 | D647: 0.38 | E647: 1.78 | F647: -6.48 | G647: 12.88 | H647: 0.16 | I647: 9.15 | P647: 3.18 | Q647: 25.69 | R647: 7.53 | S647: 29.76 | T647: 0.59 | U647: -0.65
B648: 41765.333 | D648: 0.2 | E648: 1.79 | F648: -6.8 | G648: 12.85 | H648: 0.24 | I648: 9.16 | P648: 3.24 | Q648: 25.79 | R648: 7.96 | S648: 29.64 | T648: 0.88 | U648: -0.96
B649: 41772.333 | D649: 0.43 | E649: 1.79 | F649: -6.23 | G649: 12.73 | H649: 0.1 | I649: 9.05 | P649: 3.36 | Q649: 25.7 | R649: 7.44 | S649: 29.7 | T649: 0.38 | U649: -0.03
B650: 41779.333 | D650: 0.14 | E650: 1.46 | F650: -6.34 | G650: 12.81 | H650: 0.12 | I650: 9.06 | P650: 3.45 | Q650: 25.34 | R650: 7.36 | S650: 29.62 | T650: 0.99 | U650: -0.29
B651: 41786.333 | D651: -0.34 | E651: 1.07 | F651: -6.49 | G651: 12.72 | H651: 0.11 | I651: 9.1 | P651: 3.45 | Q651: 25.46 | R651: 7.87 | S651: 29.41 | T651: 0.28 | U651: 0.12
B652: 41793.333 | D652: -0.68 | E652: 0.83 | F652: -6.6 | G652: 12.59 | H652: 0.15 | I652: 9.11 | P652: 3.22 | Q652: 26.13 | R652: 7.95 | S652: 29.29 | T652: 0.83 | U652: 0.33
B653: 41800.333 | D653: -1.27 | F653: -6.46 | G653: 12.41 | H653: 0.06 | I653: 9.02 | P653: 3.12 | Q653: 25.63 | R653: 7.54 | S653: 29.45 | T653: 0.16 | U653: -0.01
B654: 41807.333 | D654: -2.4 | E654: 0.12 | F654: -6.87 | G654: 12.73 | H654: 0.09 | I654: 9.39 | P654: 3.24 | Q654: 26.11 | R654: 8.13 | S654: 29.99 | T654: 0.78 | U654: 0.4
B655: 41814.333 | D655: -3.21 | E655: 0.43 | F655: -6.95 | G655: 12.83 | H655: 0.02 | I655: 9.39 | P655: 3.3 | Q655: 26.2 | R655: 8.18 | S655: 29.57 | T655: 0.69 | U655: -0.18
B656: 41821.333 | D656: -3.45 | E656: 0.32 | F656: -6.93 | G656: 13 | H656: 0.01 | I656: 9.61 | P656: 3.35 | Q656: 26.37 | R656: 8.2 | S656: 30.65 | T656: 0.1 | U656: -0.29
B657: 41828.333 | D657: -3.91 | E657: 0.26 | F657: -7.14 | G657: 13.07 | H657: 0.05 | I657: 9.74 | P657: 3.42 | Q657: 26.76 | R657: 8.3 | S657: 30.86 | T657: 0.67 | U657: 0.22
B658: 41834.677 | L658: 0 | M658: 0
B659: 41835.333 | D659: -4.35 | E659: 0.33 | F659: -7.48 | G659: 13.49 | H659: 0.03 | I659: 10.02 | L659: 0.05 | M659: 0.02 | P659: 3.47 | Q659: 27.25 | R659: 8.48 | S659: 31.68 | T659: 0.75 | U659: 0.45
B660: 41837.333 | F660: -7.56 | G660: 13.42 | H660: 0.06 | I660: 9.99 | P660: 3.52 | Q660: 27.06 | R660: 8.46 | S660: 31.52
B661: 41842.333 | D661: -4.38 | E661: 0.3 | F661: -7.56 | G661: 13.39 | H661: 0.06 | I661: 9.95 | L661: 0.43 | M661: -0.21 | P661: 3.52 | Q661: 27.08 | R661: 8.49 | S661: 31.44 | T661: 0.76 | U661: 0.42
B662: 41844.677 | N662: 0 | O662: 0
B663: 41849.333 | D663: -4.29 | E663: 0.29 | F663: -7.6 | G663: 13.39 | H663: 0.06 | I663: 9.82 | L663: 0.55 | M663: -0.21 | N663: -0.15 | O663: -0.41 | P663: 3.58 | Q663: 26.92 | R663: 8.53 | S663: 31.41 | T663: 0.79 | U663: 0.39
B664: 41852.604 | D664: -4.65 | E664: 0.9 | F664: -7.51 | G664: 14.27 | H664: 0.07 | I664: 10.47 | L664: 0.56 | M664: 0.45 | N664: 0.02 | O664: 0.68 | P664: 3.59 | Q664: 27.91 | R664: 8.66 | S664: 33.4 | T664: 1.05 | U664: 0
B665: 41853.604 | D665: -4.73 | E665: 1.12 | F665: -7.43 | G665: 14.65 | H665: 0.03 | I665: 10.56 | L665: 0.54 | M665: 0.63 | N665: 0.07 | O665: 0.86 | P665: 3.69 | Q665: 28.32 | R665: 8.7 | S665: 34.09 | T665: 1.09 | U665: 0.28
B666: 41856.354 | D666: -4.85 | E666: 1.3 | F666: -7.84 | G666: 14.65 | H666: 0.07 | I666: 10.66 | L666: 0.49 | M666: 0.69 | N666: -0.07 | O666: 0.97 | P666: 3.65 | Q666: 28.48 | R666: 8.61 | S666: 34.3 | T666: 1.15 | U666: 0.5
B667: 41859.354 | D667: -4.97 | E667: 1.55 | F667: -7.95 | G667: 14.8 | H667: 0.05 | I667: 10.79 | L667: 0.41 | M667: 0.79 | N667: 0.17 | O667: 1.56 | P667: 3.73 | Q667: 28.73 | R667: 8.63 | S667: 34.72 | T667: 1.28 | U667: 0.6
B668: 41863.354 | D668: -4.85 | E668: 1.15 | F668: -7.64 | G668: 14.68 | H668: 0.04 | I668: 10.67 | L668: 0.4 | M668: 0.61 | N668: 0.13 | O668: 1.32 | P668: 3.68 | Q668: 28.54 | R668: 8.64 | S668: 34.29 | T668: 1.19 | U668: 0.51
B669: 41870.354 | D669: -4.52 | E669: 0.74 | F669: -7.74 | G669: 14.02 | H669: 0.08 | I669: 10.26 | L669: 0.46 | M669: 0.39 | N669: 0 | O669: 0.65 | P669: 3.59 | Q669: 27.86 | R669: 8.4 | S669: 33.15 | T669: -0.26 | U669: 0
B670: 41877.354 | D670: -4.45 | E670: 0.58 | F670: -7.82 | G670: 13.96 | H670: 0.09 | I670: 10.16 | L670: 0.45 | M670: 0.31 | N670: 0.03 | O670: 0.5 | P670: 3.6 | Q670: 27.85 | R670: 8.31 | S670: 32.74 | T670: 0.95 | U670: 0.88
B671: 41884.354 | D671: -4.49 | E671: 0.72 | F671: -7.79 | G671: 13.94 | H671: 0.01 | I671: 10.02 | L671: 1 | M671: 1 | N671: -0.16 | O671: 0.35 | P671: 3.64 | Q671: 27.6 | R671: 8.33 | S671: 32.51 | T671: 0.97 | U671: 0.87
B672: 41891.354 | D672: -4.77 | E672: 1.28 | F672: -8.02 | G672: 14.62 | H672: 0.04 | I672: 10.6 | L672: 0.43 | M672: 0.74 | N672: -0.07 | O672: 1.2 | P672: 3.67 | Q672: 28.49 | R672: 8.45 | S672: 33.99 | T672: 1.18 | U672: 0.46
B673: 41898.354 | D673: -5.06 | E673: 1.58 | F673: -8.13 | G673: 14.91 | H673: 0.02 | I673: 10.77 | L673: 0.35 | M673: 0.79 | N673: 1 | O673: 1 | P673: 3.67 | Q673: 28.76 | R673: 8.54 | S673: 34.68 | T673: 1.33 | U673: 0.76
B674: 41899.354 | D674: -5.16 | E674: 1.74 | F674: -8.17 | G674: 15.08 | H674: 0.03 | I674: 10.82 | L674: 0.36 | M674: 0.94 | N674: -0.03 | O674: 1.75 | P674: 3.77 | Q674: 28.96 | R674: 8.53 | S674: 34.95 | T674: 1.39 | U674: 0.88
... B703: 42109.333 | D703: -4.22 | E703: 0.56 | F703: -7.25 | G703: 14.46 | H703: -0.01 | I703: 10.18 | L703: -0.21 | M703: 0.75 | N703: -0.74 | O703: 0.68 | P703: 3.67 | Q703: 27.78 | R703: 8.48 | S703: 32.88 | T703: 0.91 | U703: 0.1
B704: 42119.333 | D704: -4.12 | E704: 0.62 | F704: -9.35 | H704: -0.02 | I704: 10.11 | L704: -0.24 | M704: 0.92 | N704: -0.74 | O704: 0.66 | P704: 3.73 | Q704: 27.95 | R704: 8.34 | S704: 32.73 | T704: 0.85 | U704: 0.07
B705: 42128.333 | D705: -4.09 | E705: 0.55 | F705: -9.44 | G705: 14.2 | H705: -0.03 | I705: 9.94 | L705: -0.25 | M705: 0.67 | N705: -0.81 | O705: 0.42 | P705: 3.83 | Q705: 27.67 | R705: 8.23 | S705: 32.31 | T705: 0.75 | U705: -0.09
B706: 42140.333 | D706: -3.83 | E706: 0.32 | F706: -9.3 | G706: 13.82 | H706: -0.03 | I706: 9.67 | L706: -0.43 | M706: 0.53 | N706: -1.16 | O706: 0.05 | P706: 3.9 | Q706: 27.36 | R706: 8.16 | S706: 31.42 | T706: 0.57 | U706: 0.71
B707: 42142.333 | D707: -3.79 | E707: 0.33 | T707: 0.5 | U707: 0.63
B708: 42149.333 | D708: -3.55 | E708: 0.04 | F708: -9.13 | G708: 13.43 | H708: -0.03 | I708: 9.35 | L708: -0.47 | M708: 0.11 | N708: -1.45 | O708: -0.49 | P708: 3.55 | Q708: 26.54 | R708: 7.81 | S708: 30.6 | T708: 0.32 | U708: 0.32
B709: 42159.333 | D709: -3.33 | E709: -0.13 | F709: -9.02 | G709: 13.11 | H709: 0.01 | I709: 9.17 | L709: -0.48 | M709: -0.17 | N709: -1.43 | O709: -0.95 | P709: 3.56 | Q709: 26.1 | R709: 7.82 | S709: 29.73 | T709: 0.07 | U709: 0.04
B710: 42170.333 | D710: -3.31 | E710: -0.15 | F710: -9.08 | G710: 12.97 | H710: -0.03 | I710: 9.02 | L710: -0.51 | M710: -0.19 | N710: -1.39 | O710: -1.1 | P710: 3.6 | Q710: 26.02 | R710: 7.95 | S710: 29.41 | T710: 0.16 | U710: 0
B711: 42180.333 | D711: -3.57 | E711: 0.13 | F711: -9.53 | G711: 13.4 | H711: -0.03 | I711: 9.26 | L711: -0.27 | M711: 0.08 | N711: -0.86 | O711: -0.58 | P711: 3.63 | Q711: 26.42 | R711: 8.17 | S711: 29.82 | T711: 0.28 | U711: 0.19
B712: 42188.333 | D712: -3.87 | E712: 0.49 | F712: -9.36 | G712: 14 | H712: -0.06 | I712: 9.71 | L712: -0.5 | M712: 0.6 | N712: -1.25 | O712: 0.14 | P712: 3.56 | Q712: 27.12 | R712: 8.11 | S712: 31.33 | T712: 0.49 | U712: 0.53
B713: 42195.333 | D713: -4.2 | E713: 1 | F713: -9.43 | G713: 14.49 | H713: -0.09 | I713: 10.12 | L713: -0.55 | M713: 1.02 | N713: -1.35 | O713: 0.86 | P713: 3.77 | Q713: 27.46 | R713: 7.9 | S713: 32.67 | T713: 0.65 | U713: -0.09
B714: 42201.333 | D714: -4.64 | E714: 1.75 | F714: -9.67 | G714: 15.4 | H714: 0.03 | I714: 10.82 | L714: -0.48 | M714: 1.8 | N714: -0.9 | O714: 2.06 | P714: 3.86 | Q714: 28.75 | R714: 8.59 | S714: 34.57 | T714: 0.94 | U714: 0.58
B715: 42210.333 | D715: -4.91 | E715: 1.88 | F715: -10.35 | G715: 15.4 | H715: -0.04 | I715: 10.96 | L715: -0.57 | M715: 1.99 | N715: -0.91 | O715: 2.2 | P715: 3.93 | Q715: 29.29 | R715: 8.66 | S715: 35.12 | T715: 1.17 | U715: 0.7
B716: 42216.333 | D716: -4.93 | E716: 1.75 | F716: -10.4 | G716: 15.5 | H716: -0.06 | I716: 10.83 | L716: -0.43 | M716: 1.77 | N716: -0.44 | O716: 1.87 | P716: 3.43 | Q716: 28.73 | R716: 8.55 | S716: 34.7 | T716: 1.13 | U716: 0.64
B717: 42223.333 | D717: -5 | E717: 1.79 | F717: -10.51 | G717: 15.96 | H717: -0.06 | I717: 10.88 | L717: -0.4 | M717: 1.83 | N717: -0.85 | O717: 2.04 | P717: 3.77 | Q717: 29.02 | R717: 8.47 | S717: 34.27 | T717: 1.17 | U717: 0.64
B718: 42230.333 | D718: -5.2 | E718: 2.03 | F718: -10.52 | G718: 16.08 | H718: -0.06 | I718: 11.09 | L718: -0.5 | M718: 2.09 | N718: -0.91 | O718: 2.43 | P718: 3.84 | Q718: 29.18 | R718: 8.67 | S718: 35.25 | T718: 1.31 | U718: 0.87
B719: 42237.333 | D719: -5.03 | E719: 1.64 | F719: -9.18 | G719: 15.74 | H719: -0.07 | I719: 10.88 | L719: -0.61 | M719: 1.97 | N719: -1.02 | O719: 2.24 | P719: 3.82 | Q719: 29.19 | R719: 8.67 | S719: 35.07 | T719: 1.22 | U719: 0.63
...
